DGE	Genes	Process~name	num_of_Genes	gene_group	percentage%	P-value	Benjamini and Hochberg (FDR)	 Hommel singlewise process	Bonferroni single-step process	Hommel singlewise process	Hochberg step-up process	Benjamini and Yekutieli
up	SNAP23; STXBP3; SIRPB1; PGRMC1; QSOX1; MANBA; PSMD14; SDCBP; FCN1; PDXK; ADAM10; APAF1; SLC27A2; CEP290; SIGLEC5; ARPC5; MGAM; SYNGR1; TYROBP; GMFG; TLR2; LILRB3; CPNE3; DNAJC13; CREG1; ATP6AP2; TRPM2; NFASC; ATG7; BRI3; VNN1; RAB3D; SNAP29; PNP; PLAU; SERPINA1; PIGR; LRG1; ORM1; AHSG; LTF; FTL; SLPI; FUCA1; CSTB; KRT1; CYBB; ITGB2; S100A8; GSN; S100A9; PYGL; ITGAV; CTSD; ANXA2; CAPN1; TUBB; PRSS2; PSAP; HEXB; CTSB; CD55; CD14; CD63; ACAA1; CXCL1; CTSH; FGR; ALOX5; HSPA1A; CTSA; SLC2A3; ITGAM; EPX; IGF2R; IMPDH2; FCGR2A; ANXA3; CEACAM1; CD59; SELL; PKM; MMP9; GNS; ARSB; TIMP2; CD44; BPI; CR1; LGALS3; PSMC3; PGAM1; CD58; CD53; NFKB1; CD33; AZU1; TNFRSF1B; RAB6A; PSMB1; IMPDH1; FPR1; C5AR1; NME2; FCAR; CXCR1; CXCR2; FPR2; PTAFR; CTSS; S100P; PTX3; STOM; MAPK1; GCA; GRN; PRDX6; FCER1G; SERPINB1; S100A11; CEACAM8; CDA; PGM1; CEACAM3; CEACAM6; FOLR3; IQGAP1; GYG1; GLIPR1; DNASE1L1; SLC11A1; PSEN1; GDI2; RAB7A; RAB27A; HK3; CTSC; CRISP3; NCKAP1L; RAB10; ACTR2; RAP1B; RHOA; LYZ; NPC2; RAP1A; PPIA; RAC1; DYNLL1; TUBB4B; HBB; SIRPA; CCT2; OLR1; LCN2; RHOG; TNFAIP6; ATP11A; AMPD3; FABP5; CAP1; DSG1; PLAUR; PRKCD; CKAP4; DSC1; SIGLEC14; BST1; ILF2; PTPRJ; DNAJC3; CHIT1; PLD1; ROCK1; ASAH1; IQGAP2; RAB31; PKP1; COTL1; STXBP2; MAPK14; C3AR1; NHLRC3; CLEC12A; LAIR1; NBEAL2; SLCO4C1; CYFIP1; DOK3; RAB44; TMEM179B; ABCA13; ADGRG3; ARMC8; LILRB2; TXNDC5; NFAM1; PLEKHO2; ATP8B4; CANT1; CLEC4D; NCSTN; GGH; PTPRN2; MS4A3; CNN2; PSMD1; NEU1; TOLLIP; CYSTM1; DNAJC5; METTL7A; RETN; MMP25; CD93; GPR84; TMEM30A; CMTM6; ACTR10; PLAC8; KCMF1; VAPA; BIN2; CD300A; DPP7; HPSE; ATP11B; PADI2; LAMTOR2; PRG3; CAB39; RAP2C; ATP6V1D; HEBP2;	GO:0043312~neutrophil degranulation	234	483	48.4472049689441	0	0	0	0	0	0	0
up	IGKV2-28; IGKV2D-30; IGLC7; IGKV2-29; ARPC3; ARPC5; ABL1; IGKV1D-33; IGKV1-33; IGKV1-17; IGKV1-5; IGKV2D-28; IGKV3-20; IGLV1-44; IGLV1-51; IGLV1-40; IGLV2-14; IGLV2-23; IGLV2-11; IGLV3-1; IGLV3-25; IGLV3-27; IGHV1-69; IGHV1-46; IGHV3-48; IGHV2-5; IGHV4-39; IGHV4-59; IGHG1; IGKV1-16; IGKV1D-39; IGKV3-11; IGKV4-1; IGHV4-34; YES1; LYN; HCK; CD3G; FGR; IGLC6; FCGR2A; VAV1; NCK1; PLCG1; CD247; IGHV1-2; MAPK1; PIK3CB; CRK; NCKAP1L; ACTB; ACTR3; ACTR2; RAC1; ACTG1; PRKCD; DOCK1; CYFIP1; ABI1; ARPC1A; ELMO2; MYO10; VAV3; WASF2;	GO:0038096~Fc-gamma receptor signaling pathway involved in phagocytosis	64	135	47.4074074074074	0.000124715362812222	0.0796441855491482	1	1	0.794870675753674	0.999998153509366	0.769182203340839
up	ZBTB7C; NKX6-3; OVOL3; TLR4; APBB1; ETV2; E2F3; WNT7A; MEIS2; TNFSF11; BACH1; TFEC; PPP1R12A; KDM6B; CHUK; PLSCR1; OGT; TP73; YY2; MAFG; TET3; KLF4; FOXO3; TLX2; CREB3; SOX15; ZEB2; FOXD2; TLR2; TBL1X; MITF; PITX3; LRP6; MED6; KLF7; MTA2; ABLIM3; SOX30; VENTX; TNKS; YEATS4; ESRRB; IL33; ABL1; FOS; MYC; POMC; IGF2; IL1A; PF4; ESR1; RAF1; NR3C1; MYCN; TP53; IGF1; APP; SERPINE1; EDN1; RB1; HEXB; YES1; SP1; GLI1; PFKM; INHBA; SERPINF2; FGF2; HOXB5; UBB; SETSIP; GLI3; MYB; ERG; TOP2A; VDR; BMP2; BMP4; RARG; OSM; HGF; HCLS1; DRD2; HOXB3; ETS1; ETS2; MYOG; FOSL1; FOSL2; PPP3CB; NCK1; ZNF24; CEBPB; SPI1; PSMC3; ERCC2; ARF4; NELFE; ATF6; ELK1; TNFRSF1A; ERCC3; TFE3; SLC9A1; RXRA; NFKB1; POU3F2; BCL3; IL11; S1PR1; NME2; GAL; CCNC; CD40; HMGB2; ARNT; POU1F1; SMARCA1; MZF1; RBL1; HOXA10; HOXA7; TNFSF8; DRD3; SOX18; BMPR1A; ACVRL1; PPARG; RBMX; BRCA1; STAT3; TXK; ETV4; NAMPT; YAP1; GALR1; P2RY1; ID4; RFX2; RFX5; SLC11A1; HOXA1; CEBPA; MEOX2; STAT5B; RPS6KA3; LUM; GTF2A2; CEBPG; NRL; FOXA3; PAX9; DLX1; HDAC4; CTBP2; SOX8; ACTR3; ACTR2; HAND2; LMO4; PPP3R1; SUPT4H1; RNF4; JAG1; PKD1; HOXA4; E2F1; RUNX1; POU5F1; MEF2A; NHLH1; PAX2; HHEX; CEBPZ; HSF2; ACVR1; RNASEL; EXOSC9; RBPJ; MEF2C; FOXC1; FOXI1; ZBTB17; GPS2; NR5A1; FZD5; MED21; PKD2; CAMK1; IL18; TFDP1; E2F2; IHH; MTF1; NFIX; NR1I3; TNIP1; POU4F3; E2F5; RPS6KA1; SAFB; SIX1; SS18; TAF7; TCEA2; HMGN3; NEUROD2; ZFHX3; NFE2L2; BATF; HLF; MAPK14; IL17A; FOXD1; CDON; AKIRIN2; UTF1; HES5; CREB3L3; PLAG1; TET2; ZNF746; JMJD6; CCDC62; TFAP2E; MAMSTR; SCX; PID1; TFAP2D; NFE4; TMPRSS6; NPAS4; TTC5; SIX5; RNF10; GLIS1; GLIS3; FLCN; TET1; LILRB1; MAFA; CTCFL; OSR1; GRHL3; CREB3L4; ZDHHC19; GLMP; CKAP2; ARNTL2; TFAP2B; RORB; HDAC2; KAT2A; FOXJ1; KAT5; LHX4; MYDGF; WBP2; RGMA; SFRP2; ABHD14B; MAML3; TOX2; NLRP3; IL17F; RBM14; CITED4; TCF12; PARK7; EYA1; GPER1; MEIS3; LITAF; SMO; ARID3A; MESP1; HTATIP2; FOXP3; WDR61; PEG3; BRD8; IRF2BPL; DHX36; MIXL1; HIPK2; TP63; RGCC; ELL3; ZNF304; SLC40A1; SIX2; IL26; HEYL; TCF7L2; PRDM10; TLR9; SOHLH2; EHF; PLAC8; HEY2; MLX; MED13; CNOT7; MOSPD1; GDF2; POU2F3; BARX2; ATP1B4; TFR2; SATB2; PYGO1; NR2E1; ZNF175; NEUROG3; MAFB; DMRT2; SOX21; CHCHD2; FOXO6; ZNF821; DDN; TBX3; TBX19; THRB; TBX20; EBF3; NKX2-3; CHCHD2P9; HOXA2; KDM1B; HMGB3; NR1D2; AHRR; HOXA9; SOX10; EBF4; RARB; ZNF350; ATAD2; TBR1; HDAC8; MECOM; NFATC4; ZBED2; PPRC1; ZNF497; ASXL3; SOX5; NR2F1; MEOX1; NKX6-2; PROX2; IKZF5; SS18L2; HOXB9; POU5F1B; ZNF564; TEAD3; TNIP3; TEAD2; SIM2; IKZF2; TBX10; AHR; SSBP2; PHF10; LDB2; TBX15; DPF3; TBX6; ZNF691; PROX1; NKX3-2; TAF4B;	GO:0045944~positive regulation of transcription by RNA polymerase II	374	1138	32.8646748681898	0.000126530771165756	0.0796441855491482	1	1	0.797603487595184	0.999998153509366	0.769182203340839
up	IGKV2-28; IGKV2D-30; IGLC7; IGKV2-29; TNFRSF10A; SLC16A3; SLC16A8; F2; IGKV1D-33; IGKV1-33; IGKV1-17; IGKV1-5; IGKV2D-28; IGKV3-20; IGLV1-44; IGLV1-51; IGLV1-40; IGLV2-14; IGLV2-23; IGLV2-11; IGLV3-1; IGLV3-25; IGLV3-27; IGHV1-69; IGHV1-46; IGHV3-48; IGHV2-5; IGHV4-39; IGHV4-59; MMP1; IGKV1-16; IGKV1D-39; IGKV3-11; ITGB3; ITGB2; IGKV4-1; IGHV4-34; CEACAM5; ITGAV; THBD; YES1; LYN; COL1A2; ITGA5; IGLC6; ITGAM; VPREB1; ITGA4; CEACAM1; SELL; ATP1B2; CD44; PLCG1; CD58; IGHV1-2; MSN; CD34; FCER1G; CEACAM8; L1CAM; ADD2; CEACAM3; CEACAM6; PIK3CB; PPIA; SIRPA; OLR1; SLC7A9; AIMP1; ROCK1; ANGPT1; JAML; NKX2-3; FCAMR; FOXJ1; CD244; GP6; TREM1; SLC7A10; TNFRSF10D; CD84; VPREB3; SLC7A11; ANGPT4;	GO:0050900~leukocyte migration	84	193	43.5233160621762	0.000126966362752001	0.0796441855491482	1	1	0.798239356900095	0.999998153509366	0.769182203340839
up	KPNA7; PIK3CD; TERT; ZBTB7B; INPPL1; KLF4; LRP3; CILP; DYSF; STC2; PDGFB; LDLR; IFNG; ESR1; MYCN; IGF1; APP; RB1; FGF2; BMP2; BMP4; CCNB1; NME1; NFKB1; ANXA7; POU3F2; DNMT1; RBL1; CD34; CCR1; NOS2; ACVRL1; YAP1; XDH; PSEN1; AIF1; WNT4; HAND2; TGFB2; RUNX1; ID2; NOTCH2; MEF2C; PRKAA1; PICALM; FLOT2; NR0B2; PARP10; RNASEH2B; TTBK1; SFMBT2; PLAG1; STOX1; TIPARP; SAMD7; SFRP1; FLCN; HAVCR2; CREB3L1; ZNF503; SFRP2; MYADM; PARK7; GPER1; LGMN; OLFM1; SMO; CCDC3; FERMT1; UPK3B; PDCD10; BRIP1; PINK1; SLC24A3; AGO4; MKKS; WDR35; HEY2; CNOT7; APLN; DICER1; CNPY2; ZNF281; PTRH2; EMILIN1; LGALS9C; LGALS9B;	GO:0010629~negative regulation of gene expression	87	204	42.6470588235294	0.000167140140094224	0.0978549806871651	1	1	0.839360759062108	0.999998153509366	0.945057183193631
up	LEFTY2; QSOX1; ABCC4; ENDOD1; F8; SERPINA1; TIMP1; KNG1; PDGFB; IGF2; FGA; FGB; APOH; ORM1; AHSG; PF4; TF; PDGFA; IGF1; APP; ITGB3; SERPINE1; SERPING1; CLEC3B; PSAP; LYN; SERPINF2; CD63; SPARC; SRGN; F5; ACTN1; HGF; ACTN2; TIMP3; VEGFB; VEGFC; MANF; TGFB2; TUBA4A; ITIH3; APLP2; MMRN1; ITIH4; STXBP2; HABP4; LY6G6F; LHFPL2; CDC37L1; FERMT3; SCCPDH; SCG3; SYTL4; GTPBP2; FAM49B; TOR4A; VTI1B; CYB5R1; TLN1;	GO:0002576~platelet degranulation	59	124	47.5806451612903	0.000207187296383249	0.107030519813982	1	1	0.870472605413412	0.999998153509366	1
up	HIP1; PIK3CD; NRG2; TNFSF11; FGF16; SPRY2; FGF17; RAMP3; F10; PDGFB; TGFA; IGF2; ESR1; PDGFA; RET; F7; FGF2; TXN; FGFR1; OSM; F3; HGF; HCLS1; CD19; VAV1; KITLG; FGF7; FGFR4; CALCR; FGF9; ARRB2; CCR7; IRS1; LEP; CD86; PIK3CB; CX3CR1; AKR1C2; FGF8; RAC1; RHOG; NRG1; PTPRJ; STK3; IL18; ERBB4; ANGPT1; ITSN1; TNFAIP8L3; PIK3AP1; STOX1; GCNT2; FRS2; PIK3R5; MYDGF; RASD2; HBEGF; PARK7; P2RX4; MEIS3; GDF15; PINK1; OSBPL8; FGF22; IL26; TCF7L2; RTN4; KL; HPSE; ARFGEF1; IGF1R;	GO:0051897~positive regulation of protein kinase B signaling	71	165	43.030303030303	0.000513023340066976	0.250298387359344	1	1	0.95165829582424	0.999998153509366	1
up	IGKV2-28; IGKV2D-30; IGLC7; IGKV2-29; CUBN; LRP3; LDLR; IGKV1D-33; IGKV1-33; IGKV1-17; IGKV1-5; IGKV2D-28; IGKV3-20; IGLV1-44; IGLV1-51; IGLV1-40; IGLV2-14; IGLV2-23; IGLV2-11; IGLV3-1; IGLV3-25; IGLV3-27; IGHV1-69; IGHV1-46; IGHV3-48; IGHV2-5; IGHV4-39; IGHV4-59; AMBP; IGKV1-16; IGKV1D-39; IGKV3-11; ITGB2; IGKV4-1; IGHV4-34; ASGR1; CD14; SPARC; IGLC6; SAA1; ITGAM; IGF2R; IGHV1-2; FPR2; SFTPD; MASP1; CLTCL1; HBB; HBA1; CLTC; CAP1; DNM1; LRP1; PICALM; CTTN; SNX17; COLEC12; TMEM108; CLEC9A; CD163; SORL1; COLEC11; CXCL16; PDLIM7; STAB1; TFR2; MAPK8IP1; MAPK8IP2; DNAJC13;	GO:0006898~receptor-mediated endocytosis	69	160	43.125	0.000580843429398681	0.268471947209432	1	1	0.958035369542668	0.999998153509366	1
up	WNT9A; WNT9B; HOXA2; KLF4; FZD7; ALDH1A2; WNT11; YES1; LYN; RET; MYB; MYOG; TNC; LTK; AQP1; SLC6A4; PCK1; PPARG; LEP; ABL2; YAP1; WNT7B; PAX2; PTK2B; TEAD2; NTRK3; OSR1; RORB; HDAC2; WNT8B; TESC; CYP26B1; NDUFA13; WNT6; RARB; RARG;	GO:0071300~cellular response to retinoic acid	36	69	52.1739130434783	0.000966924729116636	0.3691970857001	1	1	0.977256926974071	0.999998153509366	1
up	GPR89A; FXYD1; SLC17A3; ATP6V0E1; ABCC4; ATP8B1; ATP10A; ATP2C2; BEST1; RAF1; CYBB; S100A6; ATP1A3; ATP1B2; GJA1; ATP6V1B2; ATP6V1C1; GJC1; CHRNA7; SCNN1A; ATP6V1A; GRIA4; SCNN1B; CLCN4; CLCN5; CLCNKA; FXYD7; ATP6V0D1; FKBP1B; ASIC1; PLP2; ASPH; GRIK3; SLC12A1; CLCA4; GRIK5; ATP2B3; ANO4; ZACN; ATP13A5; SLC9B1; SFXN4; SLC24A5; ANO5; OSTM1; TMC8; GJD3; TPCN2; BSND; SGK3; ATP6V1G3; SFXN2; NEDD4L; ATP6V0B; P2RX4; ATP13A2; ANO2; ATP10D; ASIC3; ATP6V1H; GRID1; ATP11B; ATP6V0A2; ATP6V1D; NOX1; CLCA3P; CHRNA10; CHRNB2; CHRNA9; CHRNB3; GABRR1; CHRNA5; GABRB3; GABRR2; GLRA3; CHRFAM7A; CHRNA6; HTR3C; GABRD; GLRB; HTR3B; HTR3A; GABRB2;	GO:0034220~ion transmembrane transport	83	208	39.9038461538462	0.00113621379300877	0.406000487761373	1	1	0.981665563210429	0.999998153509366	1
up	SLC24A1; CACNA1F; TRPM2; ITGAV; ANXA2; CHRNA7; PSEN1; GPM6A; NCS1; FKBP1A; CACNG7; ASIC1; PKD1; CACNA1B; CACNA1D; TRPC3; PKD2; CACNA1E; CACHD1; TRPM1; CATSPER3; CALHM1; TRPV1; SLC24A4; TMC2; TMC1; CUL5; ORAI1; ORAI2; P2RX4; ORAI3; TRPM6; MCOLN1; CHRNA10; TRPV6; TRPV4; SLC24A3; TRPM3; PKDREJ; CACNA2D2; TRPM5; PKD2L1; CACNA1I; STIM2; CHRNA9; SLC8A2; TRPC6; TRPV2; CLCA3P; TMEM165; SLC24A5; ATP2C2;	GO:0070588~calcium ion transmembrane transport	52	115	45.2173913043478	0.00115577456092397	0.406000487761373	1	1	0.982167471057495	0.999998153509366	1
up	CREB3; PLAU; C5; FGF2; CXCL1; RALA; FOSL1; S1PR1; FPR1; C5AR1; CCL1; ANOS1; CXCR2; FPR2; PTAFR; MAPK1; L1CAM; CCR1; PIK3CB; CX3CR1; CCR6; NCKAP1L; CCL23; DEFB1; CCL20; CXCL6; PLAUR; PLP2; AIMP1; PLD1; RALBP1; MAPK14; C3AR1; CCL15; ECSCR; CMKLR1; CXCL16; PLGRKT; LTB4R2; CCL28; C5AR2; ZNF580; CCL26; CCRL2; ACKR3; CCR10; CXCR6; FES; CXCR5; CXCR1; CCR7; CCR2; ACKR2; FER;	GO:0006935~chemotaxis	54	122	44.2622950819672	0.0013692972309276	0.445731364269036	1	1	0.986740230059165	0.999998153509366	1
up	TNFSF11; LAT; EDN1; PLA2G4B; PLCG1; CHRM3; EDNRB; FPR2; AGTR1; CCR6; RCAN2; MCTP2; MCTP1; MCU; TPCN2; SGCD; P2RY11; CAMKK2; P2RX4; MCOLN1; LAT2; SPHK1; EIF2AK3; NUDT4; RCAN3; PPP1R9A; CXCR2; CXCR6; CCR2; CCR1; CCR10; CALML6; CXCR5; ACKR3; CX3CR1; CCRL2; ACKR2; CALML4; CALM2; CCR7; CXCR1;	GO:0019722~calcium-mediated signaling	41	85	48.2352941176471	0.00144953543969795	0.454636436836692	1	1	0.988187123683945	0.999998153509366	1
up	EXOC5; LAMA5; RAMP1; RAMP3; ATP2C2; LRP6; PALM; FLOT1; NFASC; ANXA2; CDH2; TNFRSF1A; EPHA2; FCER1G; RDX; ACTN2; P2RY1; RAB13; CACNB3; S100A10; RAB10; TSPAN5; RAB11A; RAP1A; PRKCZ; FCHO2; PRKG2; ROCK1; FLOT2; SLMAP; TMED2; ADIPOQ; TMEM88; KCNIP4; TMEM150A; TTC7B; IFT20; DPP10; ZDHHC22; MRAP; FGF13; TESC; DCHS1; MYADM; PLEKHF1; PKP2; INPP5K; RAB34; ZDHHC3; EHD3; EHD2; EPB41L3; RAPGEF2; MYO5A; RAB8B; RAB40A; RAB12; FAM126B; PRAM1; RAB3D; RAB3C;	GO:0072659~protein localization to plasma membrane	61	144	42.3611111111111	0.00161914267172703	0.490321067003681	1	1	0.990830752156324	0.999998153509366	1
up	WNT9A; CFLAR; SIAH2; KLF4; LAMTOR5; TNFSF14; DNAJB6; TNFAIP8; NGF; RAF1; NGFR; HGF; RAG1; CD44; POR; MT3; AQP1; PRDX5; PRDX3; SFN; ARRB2; RPS6KA3; CDKN2D; CSNK2A1; XIAP; PAX2; NAIP; ARL6IP1; DHCR24; RPS6KA1; CARD16; SH3RF1; TFAP2B; SFRP2; BIRC7; BIRC2;	GO:0043154~negative regulation of cysteine-type endopeptidase activity involved in apoptotic process	36	72	50	0.00170648337195578	0.499544565750522	1	1	0.991593633856475	0.999998153509366	1
up	IGKV2-28; IGKV2D-30; IGLC7; IGKV2-29; F2; C5; IGKV1D-33; IGKV1-33; IGKV1-17; IGKV1-5; IGKV2D-28; IGKV3-20; IGLV1-44; IGLV1-51; IGLV1-40; IGLV2-14; IGLV2-23; IGLV2-11; IGLV3-1; IGLV3-25; IGLV3-27; IGHV1-69; IGHV1-46; IGHV3-48; IGHV2-5; IGHV4-39; IGHV4-59; IGHG1; C9; C4BPA; VTN; IGKV1-16; IGKV1D-39; IGKV3-11; SERPING1; IGKV4-1; IGHV4-34; C8B; C8G; CD55; C4A; C4B; IGLC6; CD59; CD19; CR1; C5AR1; IGHV1-2; C3AR1; C5AR2;	GO:0030449~regulation of complement activation	50	113	44.2477876106195	0.00201812774625798	0.571716060246374	1	1	0.9944133013635	0.999998153509366	1
up	ARHGAP42; TAX1BP3; EPHA1; EPHA2; CCR7; CRK; RHOG; PTK2B; NTRK3; RALGAPA2; SYDE2; ARHGEF16; SYDE1; CCDC125; GPR65; FOXJ1; NDEL1; ECT2; TBC1D7; CORO1C; TBC1D8B; TBC1D3K; EVI5L; TBC1D3B; TBC1D3D; USP6NL; TBC1D14; TBC1D3C; RUNDC1; TBC1D21; ADPRH; TBC1D3G; TBC1D8; TBC1D3I; TBC1D2; TBC1D29; TBC1D12; TBC1D25; USP6; TIAM2; TBC1D4; TBC1D3L; TBC1D3; TBCK; TBC1D3F;	GO:0090630~activation of GTPase activity	45	99	45.4545454545455	0.00219474316668433	0.602319827806931	1	1	0.996004290121978	0.999998153509366	1
up	DYNC1I1; RAB29; SPTBN2; SEC22B; SEC24D; VAPB; CNIH1; SEC24A; F8; F2; F10; SERPINA1; TGFA; BGLAP; CD55; F7; TRAPPC2B; F5; CD59; ARF4; PROZ; COPB2; NSF; CAPZA2; CTSC; RAB2A; ACTR1A; COPZ1; RAB1A; DYNLL1; COG7; COL7A1; TMEM115; DYNC1I2; DCTN2; DCTN1; TMED2; GOLT1A; TRAPPC11; ATL2; MCFD2; ERGIC1; SEC22A; SEC16B; COG8; SEC22C; COG4; RANGRF; ARFGAP3; ACTR10; USE1; CNIH4; VAPA; SPAST; PEF1; TMED7; TMED3; SAR1B; TRAPPC4; CTAGE3P; CTAGE15; VTI1B; TMED7-TICAM2; TMED1; TRAPPC6A; TRAPPC8; TMED6; TMED5; CTAGE9; WHAMMP3; KDELR3; CTAGE4; BCAP29; CTAGE6; LMAN1L; CTAGE8; KDELR2;	GO:0006888~endoplasmic reticulum to Golgi vesicle-mediated transport	77	196	39.2857142857143	0.0023130555581129	0.604519390654588	1	1	0.997031194910744	0.999998153509366	1
up	SMTNL1; PFAS; CHUK; TP73; ABCC4; DAB1; PNP; MYC; AMH; CYP1A1; LYN; RET; INHBA; SRP19; TOP1; CDK4; DRD2; TIMP2; POR; IGFBP2; COMT; GAL; CCNO; UQCRC2; BDNF; HMGB2; AK4; HTR2A; LOX; HTR2C; AQP1; SLC6A4; ACSL1; ADRA1A; DRD3; SLC6A11; GCLM; CENPF; VEGFB; VEGFC; MAP2K6; TERF1; FGF8; NCKAP1L; HDAC4; S100A10; SRP54; TGFB2; ADAM17; SORD; XPC; GNA12; EMX1; GAD2; SLC34A1; BLMH; LRP8; KCNJ11; SS18; CA9; DUSP6; SFRP1; TFAP2B; SFRP2; ABCA3; SEMA3C; RAB6C; ABCG5; SLC12A5; WFDC1; SRP68; NPC1L1; NAT8; VAV3; OR56A1; ANXA1;	GO:0042493~response to drug	76	193	39.3782383419689	0.00234043034414211	0.604519390654588	1	1	0.997279657628773	0.999998153509366	1
up	C5; PDGFB; HGF; HOXB9; AZU1; HMGB2; LOX; EPHA2; AGTR1; ARRB2; CRK; CCR6; CCL20; RHOG; PRKCD; ARHGEF16; DOCK4; LPAR1; ELMO2; HBEGF; CCL28; BIN2; PLXNB3; ACKR3; SAA1; CXCR5; CCR10; ACKR2; CXCR1; CCRL2; CXCR2; CCR1; CCR7; CCR2; CX3CR1; CXCR6;	GO:0060326~cell chemotaxis	36	74	48.6486486486487	0.00243693740163242	0.611462407461027	1	1	0.998170777531693	0.999998153509366	1
up	NUPR2; OVOL3; APBB1; PDE2A; MEIS2; BACH1; TBX3; ZBTB7B; SUV39H1; KLF4; FOXO3; SOX15; ZEB2; MSC; TBL1X; MITF; ZNF217; SAP30; LEFTY1; KLF7; DKK1; SOX30; ZNF205; IL33; TBX6; MYC; IGF2; IFNG; EPO; ESR1; NR3C1; TP53; EDN1; RB1; ENO1; ZGLP1; ATXN1L; UBB; GLI3; MYB; NR2F1; TXN; FGFR1; VDR; BMP2; BMP4; NR2C1; RARG; HCLS1; HOXB3; ETS2; YBX3; CEBPB; SPI1; RXRA; NFKB1; FST; GADD45A; EDNRB; CCNE1; CDK2; DNMT1; POU1F1; MZF1; RBL1; HOXA7; FGF9; PCGF2; DRD3; SOX18; PPM1A; TCF7; PPARG; STAT3; LEP; BCL6; RFX5; CEBPA; PSEN1; MXI1; RORC; HDGF; ZNF136; ZNF140; PLK1; FOXG1; DLX1; HDAC4; UBE2D3; COPS2; RPL23; SUMO1; SUPT4H1; NKX3-2; IRX1; ZBED6; CDK6; E2F1; RUNX1; POU5F1; MEF2A; HHEX; NOTCH2; TLE4; EMX1; MXD1; ZBTB16; RBPJ; MEF2C; FOXC1; NFX1; GPS2; SIM2; FHL2; CBX2; NFIX; SIX1; TAF7; ZFHX3; ZNF239; NFIL3; PARP15; AKIRIN2; BEND3; HES5; RIF1; WWC2; ZNF746; NRARP; JAZF1; TMPRSS6; AEBP1; PHF6; BCL6B; SDR16C5; RYBP; WDTC1; ZC3H8; ZBTB2; ZNF366; GLIS1; ZBTB34; GLIS3; MCPH1; TRPV1; FLCN; OSR1; JDP2; TFAP2B; ESR2; HDAC2; PROX1; FOXJ1; KAT5; HDAC10; CREB3L1; NACC2; AJUBA; MAEL; ZNF668; EHMT2; NEDD4L; TRIB3; RNF2; SMO; SCRT1; HDAC8; BACH2; FOXP3; NKX6-2; BHLHE41; TGIF2; PEG3; ANKRD2; ZNF350; IRF2BPL; HIPK2; TP63; PRDM12; IKZF5; SLA2; TRPV4; HMG20A; MYOZ2; SCRT2; TCF7L2; KMT5A; BATF3; DUSP22; THAP1; RLIM; TFCP2L1; H2AFY2; FNIP2; DNMT3B; HEY2; CGGBP1; MLX; TRPS1; TAGLN3; DACH1; MAD2L2; MOSPD1; PURG; RCOR1; HSF4; BARX2; TBX20; SUFU; DICER1; ZBTB1; ZNF281; ZBTB12; NOC2L; ZNF175; DCAF1; LOXL2; NEUROG3; EID1; PIAS3; HES7; KDM1B; LDB2; FOXO6; ZFHX2; NR2E1; ID2; CUX1; SIN3B; ZNF8; AHRR; E2F2; SKOR1; PROX2; FAM220A; PHF21A; ASCL5; MTF1; TBX10; MTA2; PRDM14; SOX8; HES6; EED; ZNF296; ZNF497; PCGF1; ZHX3; ID3; TBX19; ANKRD33; PRDM13; HEYL; NR1D2; ATXN1; NR0B2; TBX15; E2F5; SATB2; DNAJB5; SOX10; HOXA2; RARB; ZNF564; E2F3; ZNF691; ID4; ZFHX4; THRB; NR1I3; TBR1; MBD3;	GO:0000122~negative regulation of transcription by RNA polymerase II	272	847	32.1133412042503	0.00263502337495014	0.617387019729415	1	1	0.999942561832091	0.999998153509366	1
up	SLC26A4; CA12; CA1; CA2; CFTR; CA4; AQP1; CA5A; SLC26A3; CA7; SLC26A2; HBB; HBA1; CA9; SLC4A10; CYB5R4; SLC4A11; SLC26A7; SLC4A9; SLC26A8; SLC26A6; SLC39A8; CYB5R1; CA5B;	GO:0015701~bicarbonate transport	24	42	57.1428571428571	0.0026650626943876	0.617387019729415	1	1	0.999998153509366	0.999998153509366	1
up	AREL1; JAK2; AHSG; ESR1; ANXA1; LYN; HCK; ALOX5; CMA1; AGTR1; CCR2; ADAMTS12; XIAP; BST1; BIRC2; NR1D2; ZYX; DUOXA1; PIK3AP1; MCPH1; PGLYRP2; PARK7; MYD88; ACE2; TBC1D23; IL37; SHPK; SPATA2; BCL6; BCL6B; GRN; GGT2; CASP1; CASP12; GGT3P; IL1R1; IL1RL2;	GO:0050727~regulation of inflammatory response	37	78	47.4358974358974	0.00297856985325495	0.670712832084231	1	1	0.999998153509366	0.999998153509366	1
up	HSPB6; TERT; TNFSF12; SASH1; IL1A; LRG1; CYBB; ITGB2; SERPINE1; SP1; FGF2; HMOX1; CTSH; ANXA3; F3; HGF; ETS1; PLCG1; EPHA1; C5AR1; TBXA2R; CMA1; CXCR2; CD40; GRN; CD34; NOS3; AQP1; ADM; CHRNA7; ACVRL1; BRCA1; STAT3; CX3CR1; HK2; RUNX1; HYAL1; PTK2B; NFE2L2; C3AR1; PIK3R6; ADM2; HIPK1; MYDGF; SFRP2; PDCL3; HIPK2; SMOC2; ZNF304; SPHK1; GDF2; ANGPT4; NR2E1; VEGFC; VEGFB;	GO:0045766~positive regulation of angiogenesis	55	131	41.9847328244275	0.00307164260169712	0.674242736639421	1	1	0.999998153509366	0.999998153509366	1
up	LAMA5; FZD7; ABL1; ITGB3; ITGAV; LAMC1; ITGA4; FER; EPHA1; ITGA8; RAB1A; RAC1; KIF14; VAMP3; FERMT3; FERMT2; RADIL; PEAK1; AKIP1; PARVA; MEGF9; PARVB; PXN; LAMB2; LAMC3; LAMB4;	GO:0034446~substrate adhesion-dependent cell spreading	26	48	54.1666666666667	0.00314779688023414	0.674242736639421	1	1	0.999998153509366	0.999998153509366	1
down	NKX2-6; HELT; MSGN1; ARID3C; MCIDAS; BMPR1B; SUPT5H; WWP2; ARNTL; WASL; PIK3R2; AGRN; MEIS1; NR5A2; DDX3X; NFIB; RFXANK; KMT2D; OVOL1; PHOX2A; IRF6; IKBKB; CASK; ZNF609; SMAD7; NKRF; FOXN1; HDAC3; TLR3; CLOCK; FGF10; NKX2-8; PER1; HOXC11; ATMIN; RIPK2; TBX1; GALR2; TCF21; CHP2; AIRE; MED14; ZNF292; ZIC3; CCNT1; GREM1; LMX1B; KPNA6; GALR3; BRD4; LRP5; PROP1; MAF; NR1I2; RPS6KA5; FOXH1; GCM2; RPS6KA4; STK16; PRPF6; NFAT5; CAMTA2; SPDEF; KAT7; SIX3; DDX58; ECD; ONECUT2; HAND1; EGFR; HRAS; TGFB1; CGA; PTH; TNF; IFNB1; IL1B; PLA2G1B; FGF1; JUN; TFAP2A; PGR; DCN; MET; FGF4; NFIC; HOXD4; HMGB1; WNT2; HOXB7; CSF3; UBC; GLI2; MYBL2; RARA; TGFB3; IRF1; EGR2; ESRRA; SRF; SKI; XRCC6; HOXD8; GTF2F2; IRF2; HOXB1; POU2F1; LIF; MYOD1; ATF2; VEGFA; HIVEP1; PAX1; TCF4; TCF3; CREB1; EPCAM; HMGA1; JUNB; JUND; XBP1; BMP7; EGR1; ADCYAP1; ATF1; ATF3; ATF4; TFEB; WT1; EN2; HOXA5; HNF1A; TAF1; BMP5; NR4A1; SFPQ; MYF6; PAX7; PAX3; YY1; LMO1; NFKBIA; PAX6; MAPK3; ELK4; TEAD1; HOXD10; MSX1; ARID4A; NOS1; HOXD3; HOXC13; TLX1; AKT1; OTX2; ELF1; GTF2H1; CIITA; CTNNB1; GTF2F1; RORA; HOXD13; DDIT3; SOX11; ZNF76; SREBF1; ZEB1; GDNF; PBX2; PBX3; ETV6; HNF4A; ELK3; STAT1; STAT6; WAS; CDKN2B; NR4A2; GATA4; NKX2-1; ATRX; NOTCH1; CDX1; RFX3; SOX2; SOX9; NRIP1; NR2C2; CDK8; ARRB1; EVX1; CEBPD; GSK3A; CSRP3; ETV1; ASCL1; CDK9; SMARCA2; SMARCA4; CCNH; ZNF131; ZNF143; HMGA2; PDX1; GBX2; NKX2-5; FOSB; PRRX1; NR1H2; F2RL1; MLLT6; CDH13; FOXA1; PKNOX1; WNT3A; FOXL2; CD81; ISL1; HNRNPK; ESRRG; CNBP; RPS27A; YBX1; PITX1; CX3CL1; NKX6-1; PRKDC; ELF3; SMAD3; HSF1; NFKB2; HNRNPU; FOXK2; FLI1; MC1R; SPIB; MEF2B; SP3; IRF8; NHLH2; CREM; KMT2A; RELA; REL; UBE3A; EGR4; GRIN1; EN1; GABPA; GABPB1; PPARA; EP300; TEF; SREBF2; TFCP2; SMARCB1; BPTF; POU4F2; NFIA; TCF15; TP53BP1; FOXF1; FOXF2; NFATC3; PRDM2; KLF10; RLF; NR1H3; MAP2K5; MAPK7; ATM; SMAD4; SQSTM1; RIPK1; HDAC1; NEUROD1; SNW1; BMPR2; KLF5; CBFB; NFYC; VEZF1; TFDP2; HES1; NFE2L1; HNF4G; GBX1; IRF3; NCOA6; MEF2D; MORF4L2; PRKD1; PPP2R5B; IRF4; PCBP1; SHH; MED1; TWIST1; ALX1; NCOA1; SMAD2; USF2; ZIC1; E2F4; TAF9; POU2AF1; NRF1; HIF1A; IFI16; ZNF750; RFX4; BSX; GLYR1; ARID4B; DCAF6; ZC3H12A; SOHLH1; AKNAD1; FHL5; HES3; MYSM1; MLIP; DAB2IP; IER5; GRHL2; CDC73; TAF2; FIGLA; DUX4L9; CRTC1; MACC1; RNF111; CREB3L2; MED25; ASXL2; PTF1A; SETX; MAVS; AKNA; STRA8; PCGF5; LDB1; BCL9L; NLRC5; METTL23; PPARGC1B; RFX6; CRLF3; CREBRF; ARID3B; SIRT2; ASXL1; MAML2; MYOCD; SPIC; PAF1; VGLL2; ZBTB38; NFATC2IP; ZMIZ2; NCOA7; GABPB2; FEZF2; SP7; LMX1A; DOT1L; LEO1; ZFPM2; LMO7; PHIP; AUTS2; CSRNP3; LPIN2; RTF1; NR4A3; MAML1; TFAP2C; RREB1; CREBBP; EZH1; KAT2B; DDX17; ATOH1; NEUROG1; COPS5; GATA6; SMARCC1; ARHGEF2; IRF7; MED12; E2F7; SIRT1; FUBP3; RAX2; ZBED3; IFT74; NEUROD6; NR1H4; NODAL; CSRNP1; SIN3A; PHOX2B; RIT2; TBX5; ELF4; NDN; KLF6; PITX2; NPAS2; EPAS1; ATF6B; FOXC2; CITED2; OVOL2; PAGR1; IER2; GATA5; HELZ2; BARHL1; TBL1XR1; PRKD2; EGLN1; WWTR1; ALX4; CSRNP2; NUCKS1; IL25; EPC1; GSX1; SOX17; BCAS3; SMYD3; NANOG; MLXIP; BARX1; ARNT2; NOD2; SENP2; CHD8; GCM1; MLXIPL; ASH1L; SIRT7; SALL1; MED17; BARHL2; HOXC10; WWOX; GRHL1; FOXJ2; SENP1; CALCOCO1; ZFAT; CHD7; ZNF219; ONECUT1; RBPJL; PPARGC1A; LHX3; DUX4; TBK1; NUFIP1; SERTAD1; KLF15; SIX4; SALL4; FOXD3; AGO2; ELF5; AGO1; INO80; ZMIZ1; MAFF; MYO6; PLAGL1; PLAGL2; FOXJ3; HDAC5; RUVBL2; FOXA2; ATF5; RAX; THRAP3; KLF13; MTF2; KDM3A; TRAF6; DMRT1; USP16; KLF2; NR2E3; GMEB1; IKBKG; NCOA3; ONECUT3; MGA; SOX13; TBX2; LHX6; HIF3A; SSBP3; POU6F2; ZNF148; KAT6B; MED19; HOXA3; LHX1; LRP5L; TBX22; NKX1-2; SETD3; CAMTA1; LHX5; EBF1; ZNF382; POU2F2; LAGE3; MAX; CTAG2; NKX1-1; HMGB4; NPAS1; RAI1; STAT2; DLX5; POU5F2; IKZF3; TAF4; SMARCA5; TBX18; HOXC9; LPIN1; SRY; SOX1; PPARD; DLX3; CTCF; IKZF1; POU3F4; PAXBP1; CCDC160; PTOV1; DLX2; SBNO2; EBF2; THRA; DPF1; CRTC2; LHX8; SOX6; PCGF6; TEAD4; NCOA2; KAT8; LHX9; POU6F1; DR1; ZNF613; RELB; ABRA; RXRG; KMT2C; SIM1; CRTC3; CDK13; RSF1; TAF1L; POU3F3; EGR3; HMGB1P1; TBX4; NKX2-2; LHX2; JUP; HOXD9; NKX2-4; ATAD2B; ZNF740; DLX6; SOX14; IKZF4; DPF2; TCF20; POU3F1; ZNF462; KAT6A;	GO:0045944~positive regulation of transcription by RNA polymerase II	586	1138	51.493848857645	0.00317486302250669	0.883886407684671	1	1	0.99999999999997	0.99999999999997	1
up	TLR4; CHUK; SMAD6; JAK2; GJB6; FOS; PENK; EPO; SLPI; CYP1A1; S100A8; ALPL; EDN1; THBD; SPARC; ACP5; HPGD; FER; IFNAR1; GJA1; LBP; CNR1; C5AR1; COMT; F2R; HMGB2; PRDX3; GCH1; CPS1; CCR7; CSF2RB; CNR2; ADM; PTGER4; PCK1; CD96; PTGIR; SLC11A1; RPS6KA3; CASP9; ADAM17; FMO1; AKAP12; AKIRIN2; IL23R; HDAC2; TRIB1; WDR83; SRR; TAB2; WDR35; IRAK3; LY96; NOS3; GGT2; GGT3P; NOS2;	GO:0032496~response to lipopolysaccharide	57	138	41.304347826087	0.00345605529138149	0.713395437936504	1	1	0.999998153509366	0.999998153509366	1
up	PPEF2; FSCN2; ATXN7; PDE6D; OPA1; SLC24A1; CACNA1F; AOC2; RP2; BEST1; LRAT; RBP4; OPN1SW; CRYBA1; RHO; CHRNB2; ATF6; PDC; GABRR2; RCVRN; TIMP3; GJC1; GLRB; LUM; RABGGTB; CRYBA4; NRL; LAMB2; CLRN1; ABCA4; PAX2; PDCL; MYO7A; BFSP2; PDE6H; CNGB1; POU4F3; GRK1; PRR4; RPE65; FAM161A; LRIT3; SFRP5; NXNL2; GPR179; SLC4A10; RD3; TRPM1; RP1L1; BBS7; BBS5; WDR36; MYO3B; RORB; RDH5; RPGRIP1; KRT12; KIFC3; NYX; ARL6; MKKS; CLN6; VSX1; SPATA7; HSF4; GUCA1B; SLC45A2; NR2E1; MYO5A; GJA3; LAMC3; ARR3; CRYBB2; CRYBB3; CRYGN; PDE6C; CRYBB1; UNC119; CRYBG3;	GO:0007601~visual perception	79	207	38.1642512077295	0.0037437473250348	0.713395437936504	1	1	0.999998153509366	0.999998153509366	1
up	HCRT; AGT; ESR1; NPR3; FPR1; EDNRB; CXCR2; F2R; HTR2C; GRPR; AGTR1; CCKBR; CASR; P2RY1; CX3CR1; P2RY4; PTH1R; FFAR4; P2RY11; GNG13; HTR2A; ADRA1A; C5AR1; PTGER3; VIP; GPR33; CMKLR1; C3AR1; C5AR2; FPR2;	GO:0007200~phospholipase C-activating G protein-coupled receptor signaling pathway	30	60	50	0.00394725976717702	0.713395437936504	1	1	0.999998153509366	0.999998153509366	1
up	B4GALT5; GCNT3; ST6GAL1; MUC5AC; GALNT2; GALNT1; ST3GAL1; ST3GAL4; GALNT3; MUC6; B3GNT6; GALNT7; MUC20; GALNT4; XXYLT1; CHST4; B3GNT7; MUCL1; GALNT14; B3GNT5; MUC13; ST6GALNAC4; GALNT9; C1GALT1; GALNT8; B3GNT2; ST6GALNAC2; MUC12; A4GNT; B3GNT3;	GO:0016266~O-glycan processing	30	60	50	0.00394725976717702	0.713395437936504	1	1	0.999998153509366	0.999998153509366	1
up	FSCN2; CHUK; TBX19; TBX10; PTBP3; TBX6; TSHB; HOXB5; CPM; F2R; CASR; MCAM; HOXA1; MNX1; GPC3; CLTCL1; FGF8; SOX10; RAC1; PKD1; HOXA4; POU5F1; MAB21L1; SFRP5; BICD1; EYA1; SIX2; DKK3; DKKL1; RCAN3; CES1P1; SCML1; ERVW-1; SCML2; PHLDA3; IGF2BP2; FOXD4L1; SOX15; FOXD4L3; SOX21; FOXE3; FOXI1; FOXD4L4; FOXC1; FOXA3; FOXD2; SOX7; FOXD4; FOXD1; FOXB1; PITX3; FOXI2; SOX18;	GO:0009653~anatomical structure morphogenesis	53	127	41.7322834645669	0.00396733531107618	0.713395437936504	1	1	0.999998153509366	0.999998153509366	1
up	SPTLC1; SPTLC2; PLPP2; VAPB; CERS1; ALDH3B2; KDSR; CERKL; ACER2; DEGS2; HACD2; FA2H; SGMS1; SGPP2; SPTSSB; SGMS2; ACER1; SPTSSA; SAMD8; CERS4; ACER3; SPHK1; VAPA; ELOVL3; ELOVL4; ELOVL6; ELOVL7;	GO:0030148~sphingolipid biosynthetic process	27	52	51.9230769230769	0.0041174847382599	0.713395437936504	1	1	0.999998153509366	0.999998153509366	1
up	IGKV2-28; IGKV2D-30; IGLC7; IGKV2-29; FCN1; IGKV1D-33; IGKV1-33; IGKV1-17; IGKV1-5; IGKV2D-28; IGKV3-20; IGLV1-44; IGLV1-51; IGLV1-40; IGLV2-14; IGLV2-23; IGLV2-11; IGLV3-1; IGLV3-25; IGLV3-27; IGHV1-69; IGHV1-46; IGHV3-48; IGHV2-5; IGHV4-39; IGHV4-59; IGHG1; IGKV1-16; IGKV1D-39; IGKV3-11; IGKV4-1; IGHV4-34; C8B; C4A; C4B; IGLC6; IGHV1-2; MASP1; FCN2; COLEC11; RGCC;	GO:0006956~complement activation	41	92	44.5652173913043	0.00437475658448461	0.713395437936504	1	1	0.999998153509366	0.999998153509366	1
up	AGT; POMC; SOD2; COL1A2; HMOX1; CHGA; MYH6; CYP11B1; GNB3; NPR3; NPR2; PTGS1; EDNRB; CD34; NOS3; GCH1; BRS3; ACVRL1; PPARG; LEP; ACTA2; HBB; CYP4F2; CACNA1B; ERAP2; AGTRAP; TAC4; P2RX4; UTS2R; NOX1;	GO:0008217~regulation of blood pressure	30	61	49.1803278688525	0.00473315626395132	0.713395437936504	1	1	0.999998153509366	0.999998153509366	1
up	IGKV2-28; IGKV2D-30; IGLC7; IGKV2-29; NCR3; TYROBP; LILRA1; CRTAM; IGKV1D-33; IGKV1-33; IGKV1-17; IGKV1-5; IGKV2D-28; IGKV3-20; IGLV1-44; IGLV1-51; IGLV1-40; IGLV2-14; IGLV2-23; IGLV2-11; IGLV3-1; IGLV3-25; IGLV3-27; IGHV1-69; IGHV1-46; IGHV3-48; IGHV2-5; IGHV4-39; IGHV4-59; IGKV1-16; IGKV1D-39; IGKV3-11; ITGB2; IGKV4-1; IGHV4-34; COL1A2; CD3G; IGLC6; ITGA4; SELL; PVR; CD19; CD33; CD247; IGHV1-2; CD40; KLRC1; KLRK1; CD34; CD1C; ICAM3; SFTPD; CD96; BCL6; KIR3DL1; FKBP1A; FGL1; MICB; CD300E; COLEC12; LAIR1; TREML4; JAML; TREML1; PIANP; LILRB2; LILRB1; SPPL2A; KIR2DL4; SLA2; TREM1; NPDC1; CD300A; CLEC2D; PILRB; PILRA; COL17A1; SIGLEC7; BTNL10; MOG; BTNL9;	GO:0050776~regulation of immune response	81	216	37.5	0.00482451788594962	0.713395437936504	1	1	0.999998153509366	0.999998153509366	1
up	WNT7A; TNFSF12; RAMP1; DYSF; PDGFA; SERPINE1; ITGAV; ANXA2; ITGA5; HMOX1; FGFR1; SCG2; CEACAM1; HOXB3; GLUL; S1PR1; EPHA1; ACKR3; EPHB2; NOS3; HOXA7; FGF9; SOX18; GJA5; ACVRL1; COL15A1; LEP; MCAM; MEOX2; EPHB4; PROK1; HAND2; YWHAZ; ACTG1; JAG1; RBPJ; ENPEP; FAP; AIMP1; FOXC1; FZD5; IL18; MAPK14; CALCRL; ECSCR; RASIP1; PIK3R6; CSPG4; ADM2; ARHGAP22; PLXDC1; ARHGAP24; PLCD3; ANGPTL6; NDNF; ROBO4; MYDGF; NUS1; NOX5; PDCD10; HTATIP2; PDCL3; SEMA4A; FZD8; CCDC134; ZNF304; ESM1; C1GALT1; EIF2AK3; SLC12A6; GDF2; VAV3; APLN; THSD7A; ANGPT4; NOX1; WASF2; VEGFB; AMOTL1; PTK2B; APOLD1; VEGFC; RAMP3; CLIC4; ACVR1;	GO:0001525~angiogenesis	85	230	36.9565217391304	0.0053841822645202	0.713395437936504	1	1	0.999998153509366	0.999998153509366	1
up	EEF2K; CPNE3; TRPM2; FOS; EDN1; BRAF; ALOX5AP; CAPN3; CRHBP; IQGAP1; MEF2A; MEF2C; ADCY1; PRKAA1; PKD2; ENDOG; SCN5A; NEUROD2; CARF; NLGN1; ACER1; NCSTN; LGMN; MCOLN1; ECT2; CPNE7; CLIC4; SYT15; CPNE2; SYT3; SYT17; SYT6; CPNE9; SYT9; SYT8; CPNE5; CPNE4;	GO:0071277~cellular response to calcium ion	37	82	45.1219512195122	0.00560634919046588	0.713395437936504	1	1	0.999998153509366	0.999998153509366	1
up	SLC24A1; VAPB; HEXB; CALCB; VDR; EDN3; TNNI3; ANXA7; CCL1; KEL; CD40; HTR2A; HTR2C; CCR1; DRD3; CHRNA7; CASR; CCR2; CCL23; SLC10A7; CCL14; CCL15; SLC24A4; TPCN2; RMDN3; TRPV4; TMEM165; SLC24A3; ATP13A2; STIM2; STOML2; SLC8A2; NPTN; SLC30A1; ATP2B3; STC2; ATP13A5; ATP2C2; SLC24A5; PTH1R; ATP13A3;	GO:0006874~cellular calcium ion homeostasis	41	94	43.6170212765958	0.0058224835349775	0.713395437936504	1	1	0.999998153509366	0.999998153509366	1
up	FOXO3; GSR; ABL1; PENK; SOD2; CYBB; SOD3; HSPA1A; G6PD; NCF2; GPX3; NME2; MT3; PRDX6; PRDX5; PRDX3; PYCR1; STX2; AIF1; RBM11; CYCS; PRDX1; PRKAA1; NCF4; NFE2L2; TXNRD1; CPEB2; VRK2; PYCR2; ERO1A; NOX5; GPX7; PARK7; PINK1; RWDD1; TXNRD2; ATP13A2; SLC7A11; SRXN1; MSRA; FANCC;	GO:0034599~cellular response to oxidative stress	41	94	43.6170212765958	0.0058224835349775	0.713395437936504	1	1	0.999998153509366	0.999998153509366	1
up	NDC80; PPP1R12A; XRCC2; BUB1B; TADA3; YEATS4; ABL1; HGF; CCNO; CLIP1; CENPF; NEK2; NEK3; KIF11; PPP5C; PLK1; CLTCL1; RAN; CLTC; CENPE; DCTN1; KIF22; SKA1; VCPIP1; PBK; RNF2; PKMYT1; TBCD; RAB6C; CDT1; KIF15; ANAPC11; CDC23; TPX2; TUBA1B; TUBB2B; TUBB4B; TUBB2A; PLK4; CDC14C; ORC1; TUBB8; TUBG2; TUBA4B; MYB; TUBA3E; TUBA4A; TUBA1A; TUBA8; TUBGCP4; ZNF830; TUBB; TUBGCP5; TUBA1C;	GO:0000278~mitotic cell cycle	54	134	40.2985074626866	0.00637638551855246	0.713395437936504	1	1	0.999998153509366	0.999998153509366	1
down	DPRX; HMX3; ARGFX; UNCX; DRGX; VGLL3; LEUTX; ANHX; PDLIM1; FOXE1; FOXN3; ARID1A; CHD1; CHD2; ZNF609; ZBTB22; FOXN1; GSC2; CLOCK; ZBTB43; PAX4; TBX1; TLX3; RAD21; SMARCA5; NOBOX; ZBED4; TSC22D2; TADA2A; ACTL6B; CAMTA2; ALX3; MED26; SIX6; EGFR; CGA; TNF; APOE; ERBB2; TFAP2A; PRKCB; PFN1; ZFY; NR3C2; HMGB1; ANXA4; HOXC6; RHOXF2B; CGB3; MYBL2; KIT; HSPD1; THRA; MYOD1; ATF2; VEGFA; ZFX; JUNB; UBTF; JUND; DDX5; PAM; WT1; HNF1A; MYF6; ATP2B4; NFYB; BRD2; YY1; UCP1; HOXA6; HOXA11; HOXA13; HOXC12; HOXD11; FOXN2; HOXD12; FUS; DEK; ZNF76; SREBF1; ZEB1; CDKN1A; SOX3; HNF4A; STAT6; MLLT3; NOP2; ZFP36L2; SMARCA2; SMARCA4; STAT2; ZNF143; DGKQ; SUB1; VSX2; ZC3H6; PSMC5; IRX5; IRX4; SMAD3; IRF9; FOXK2; PPARD; EVX2; GABPB1; ZFP36L1; TEF; TFCP2; SMARCB1; BPTF; CHD3; NFATC3; TARBP1; HDAC1; CAMK2D; SNW1; NFYC; HLX; CHD4; BRD3; TEAD4; ELF2; NEDD8; PKN1; ECM1; ISX; LRRFIP1; GON4L; KLF17; SNAPC4; DMRTA1; OTP; USF3; ELP2; FOXR1; FOXR2; ASCL4; ZNF705A; ZNF704; NANOGNB; THAP5; FOXP4; TAF1L; ATOH7; TPRX1; JMY; ZBTB8B; ZSCAN1; BHLHE23; BHLHE22; SNIP1; SMARCC2; SP7; AHCTF1; TFAP2C; DDX17; NEUROG1; SMARCC1; SMARCD2; SMARCE1; SMARCD1; SNF8; LCOR; PKNOX2; DMRTB1; DACH2; FOXN4; TRERF1; NR1H4; MED15; DMRTA2; TSC22D3; PITX2; RBBP8; PRRX2; CITED1; VGLL1; RHOXF2; PHF20; PBX4; ABCA2; GSX2; CTDSP1; HOXD1; NUCKS1; NEUROG2; ADNP; FOXP1; KDM4C; ZNF335; THAP9; SP140L; SEBOX; SP110; ASCL3; DMRT3; MED17; ZNF446; CNOT2; ZNFX1; RCOR3; RERE; KDM5B; GTF2IRD1; BAZ2B; IKZF3; ZC3H4; TRAK1; FOXA2; KCNIP3; MED16; TSC22D4; ZNF711; USP16; ELF1; CCNL2; RUVBL2; TCF23; KLF10; HIF3A; HAND1; DLX2; PIAS1; FOXD3; TCF24; CBFB; KLF2; ELK4; ZNF823; BARX1; MED1; NFE2L1; BRWD1; NHLH2; EGR4; NR2F6; SUPT5H; EMX2; SP6; SPDEF; SP9; ELF4; ARID4A; EPC1; RFX6; HMGB4; ZNF791; VEZF1; KLF13; HIF1A; EPAS1; KLF16; NFE2L3; FOXC2; ZMYM4; ZIC5; ZNF833P; ETV3L; MED18; NOTO; MTDH; ETV3; FOXL2; HNF1B; SUPT20H; SP8; RLF; ZIC2; FOXD4L5; ANKRD1; NR2C2; DLX6; DUXA; NANOGP8; HNF4G; IFRD1; FOXA1; FOXI3; FOXD4L6; TAF7L; MLXIPL; ETV7; RFX3; KLF18; DUX4L9; EN1; MED12L; BARHL2; MED12; TCF7L1; BATF2; TFDP3; FLI1; CCNH; ZNF292; KLF5; EN2; DDIT3; NANOG; ZNF442; MED14; EGR2; PTF1A; ZNF844; EGR1; FIGLA; BRWD3; SP5; FOXL1; TWIST1; TFDP2; GRHL1; TCF15; ZNF101; ASCL1; HMGB1P1; KLF15; TBL1Y; ZIC3; GMEB2; MED31; NR2E3; SPIC; BSX; BARHL1; FAM58BP; FOXS1; ARID1B; KLF3; TCF21; RFX1; TAL2; DLX3; CDX1; BHLHA9; CDX2; NRF1; NFKBID; FOSB; GRHL2; NPAS1; ATF5; CCNT1; KLF6; ARID5A; ZIC4; IRF2BP2; SIM1; RXRG; FOXQ1; ARID5B; EGR3; ARID4B; SPIB; VAX1; ATF4; SATB1; RFXANK; ETV6; ELF5; ATF3; DLX5; GABPA; MED13L; ZMIZ1; RFX4; ERF; DUX4; ETV1; PHIP; ZMIZ2; LYL1; GSX1; PIAS4; ELK3; CCNL1; GMEB1; NR2F2; FEV; RUVBL1; SP3; ZIC1; SP2; TBL1XR1; VAX2; NANOGP1; ELF3; DEAF1; MLXIP; FOXB2;	GO:0006357~regulation of transcription by RNA polymerase II	391	747	52.3427041499331	0.00683550204755001	0.883886407684671	1	1	0.99999999999997	0.99999999999997	1
up	PLA2G10; FZD6; NUPR1; TBX6; ESR1; PRNP; RB1; HMOX1; TNFRSF4; CEBPG; HDAC4; HAND2; SUMO1; ID2; ID3; MAP3K10; NR0B2; SFRP5; SFRP4; PAXIP1; HDAC2; PROX1; TRIB1; RNF2; FOXP3; HEYL; TCF7L2; RLIM; MED13; MAD2L2; SUFU; BTRC;	GO:0043433~negative regulation of DNA-binding transcription factor activity	32	69	46.3768115942029	0.00703147671797799	0.713395437936504	1	1	0.999998153509366	0.999998153509366	1
up	CHL1; TERT; XRCC2; JAK2; CRLF1; KRAS; SOD2; NTRK1; PRKCG; NEFL; HMOX1; CEBPB; C5AR1; F2R; MT3; GABRB3; GRN; ARRB2; MSH2; GABRB2; GCLM; NES; PSEN1; LIG4; FGF8; DLX1; RHOA; MEF2C; LRP1; NAIP; ROCK1; PTK2B; NFATC4; KIF14; ANGPT1; SIX1; ITSN1; SNCB; NTRK2; CPEB4; BHLHB9; TFAP2D; NDNF; TFAP2B; VSTM2L; PARK7; LGMN; FOXB1; FAIM2; PINK1; HIPK2; DNAJC5; SNX6; NGF; BDNF;	GO:0043524~negative regulation of neuron apoptotic process	55	138	39.8550724637681	0.00707532220409568	0.713395437936504	1	1	0.999998153509366	0.999998153509366	1
up	IGKV2-28; IGKV2D-30; IGLC7; IGKV2-29; C5; IGKV1D-33; IGKV1-33; IGKV1-17; IGKV1-5; IGKV2D-28; IGKV3-20; IGLV1-44; IGLV1-51; IGLV1-40; IGLV2-14; IGLV2-23; IGLV2-11; IGLV3-1; IGLV3-25; IGLV3-27; IGHV1-69; IGHV1-46; IGHV3-48; IGHV2-5; IGHV4-39; IGHV4-59; IGHG1; C9; C4BPA; IGKV1-16; IGKV1D-39; IGKV3-11; SERPING1; IGKV4-1; IGHV4-34; C8B; C8G; CD55; C4A; C4B; IGLC6; CR1; IGHV1-2; IGHV3OR16-9; IGHV1OR21-1; IGHV3OR16-13; IGHV3-16; IGHV4-4; IGHV1-45; IGHV3-21; IGHV3-35; IGHV3-49; IGHV3-38; IGHV3OR15-7; IGLL5; IGHV2-26; IGHV1OR15-9; IGHV3-74; IGHV3-64; IGHV1-3; IGHV7-81; IGHV4OR15-8;	GO:0006958~complement activation, classical pathway	62	161	38.5093167701863	0.00800220298216259	0.713395437936504	1	1	0.999998153509366	0.999998153509366	1
up	TLR4; CFLAR; SPRY2; RAMP3; ABL1; PDGFB; GCG; EPO; CD4; FGA; FGB; PDGFA; NTRK1; APP; SERPINF2; FGF2; BMP2; BMP4; DRD2; BRAF; CD44; NQO2; NELFE; C5AR1; FGFR4; FPR2; ACKR3; F2R; MT3; HTR2A; HTR2C; CALCR; ARRB2; CCR1; CCR7; ADRA1A; CHRNA7; CASR; P2RY1; FGF8; RAP1B; HAND2; RAP1A; ARHGAP8; AKAP12; NOTCH2; PRKCZ; LRP1; MAP3K12; PTK2B; ERBB4; ANGPT1; TNFAIP8L3; FFAR4; SCIMP; GCNT2; MTURN; BMPER; HAVCR2; GPBAR1; GPER1; GLIPR2; TRPV4; IL26; C5AR2; GPR55; RAPGEF2; NPTN; CCL1; CCL15; CCL20; CCL14; CCL26; NTRK2; CCL23; PDGFC; NTRK3;	GO:0070374~positive regulation of ERK1 and ERK2 cascade	77	209	36.8421052631579	0.00819057575870741	0.713395437936504	1	1	0.999998153509366	0.999998153509366	1
up	SSC5D; PIK3C2A; ACKR2; INPPL1; TMPRSS2; PSTPIP1; ABL1; LDLR; VTN; APP; GHR; NME1; RAB5A; ENDOU; PIK3CB; AMPH; RAB7A; TMPRSS3; LOXL3; RAB1A; TMPRSS15; DNM1; TNK2; APOBR; UNC119; PICALM; LRP8; CLINT1; EEA1; FKBP15; LRP10; ILDR1; CLEC4F; RIN3; USP33; SNX33; RIN2; LOXL4; HHIPL1; C9orf72; MTMR9; SNX18; SORT1; SH3GL3; TMPRSS13; SIGLEC1; CLEC4M; TMPRSS5; EHD1; TMPRSS4; EHD2; ATP6V1H; PACSIN3; DNM3; LOXL2; LRP12; SNX10; WASF2; BIN3; HEATR5A; ATP9A; RAB34; RALBP1; RHOV; RHOU; HEATR5B;	GO:0006897~endocytosis	66	174	37.9310344827586	0.0082980232520693	0.713395437936504	1	1	0.999998153509366	0.999998153509366	1
up	OGT; TET3; B4GAT1; GCNT3; VEGFB; PLOD1; GALNT2; GALNT1; TET2; GALNT7; POMGNT2; TET1; POMK; GALNT9; ST6GALNAC2; A4GNT; POMT1; B3GNT6; B3GALNT1; B3GNT5; B3GNT3; B3GALT6; B3GALT2; B3GALT1; B3GNT2; B3GNT7;	GO:0006493~protein O-linked glycosylation	26	53	49.0566037735849	0.00835605876205869	0.713395437936504	1	1	0.999998153509366	0.999998153509366	1
up	LYN; HCLS1; ACAT1; ADRA1A; ME1; TUB; SORD; FHL2; PTK2B; DHCR24; SFRP4; LCN8; GHSR; RERG; RBM14; PIAS3; TIMP3; NOS2; TIMP2; TIMP1; POR; NOS3;	GO:0009725~response to hormone	22	42	52.3809523809524	0.0083885230520826	0.713395437936504	1	1	0.999998153509366	0.999998153509366	1
up	GPR89A; CLIC1; KCNAB3; KCNQ3; CACNA1F; CYBB; KCNA2; SCN1A; SCN4A; NEDD4; CLCNKA; KCNQ4; CACNA1B; KCNC4; KCNMA1; CACNA1E; CATSPER3; CALHM1; TPCN2; KCNG3; KCNV2; CLIC6; NEDD4L; KCNA7; KCNS3; KCNK12; SCN3A; CACNA2D2; TRPM5; CACNA1I; KCNG2; KCND3; HCN2; KCNH3; KCNK6; NOX1; CLIC4; CLCA3P; KCNJ1; KCNJ6; KCNJ11; KCNJ2; KCNJ16; KCNJ15; KCNJ8; KCNJ9; KCNJ4;	GO:0034765~regulation of ion transmembrane transport	47	115	40.8695652173913	0.00852605070118384	0.713395437936504	1	1	0.999998153509366	0.999998153509366	1
up	NGF; NEFL; UBB; GJA1; GPM6A; NEK3; ITGA1; WNT7B; RHOA; CNTNAP1; CTTN; UGT8; NYAP1; SLC9A6; DTNBP1; ALS2; KIF20B; ZSWIM6; NYAP2; CNTNAP2; DICER1; EPB41L3; MAP4K4; HCLS1; STK3; MNX1; NCKAP1L; BDNF; GAS7;	GO:0048812~neuron projection morphogenesis	29	62	46.7741935483871	0.00911692286200172	0.713395437936504	1	1	0.999998153509366	0.999998153509366	1
down	IFIT3; IRF6; OAS1; IFNA1; IFNA2; IFNA5; IFNB1; HLA-B; HLA-H; HLA-A; ISG15; IFI6; IFIT2; IFIT1; HLA-C; IRF1; IFITM1; HLA-E; IRF2; HLA-G; EGR1; MX1; MX2; JAK1; SP100; TYK2; OAS2; HLA-F; GBP2; IFI27; STAT1; IRAK1; STAT2; ADAR; IFI35; IRF9; IFITM3; IRF8; BST2; IRF3; IRF4; OASL; XAF1; IRF7; ISG20; IP6K2; SAMHD1; OAS3;	GO:0060337~type I interferon signaling pathway	48	67	71.6417910447761	0.00917373522863574	0.883886407684671	1	1	0.99999999999997	0.99999999999997	1
up	GLI1; GLI3; BMP4; ARL3; MAP3K10; FKBP8; IHH; ARL13B; CDON; HES5; TCTN3; TTC21B; EVC2; TMEM17; DZIP1; BBS7; IFT20; IQUB; TCTN2; SMO; IFT27; BOC; CENPJ; IFT46; PKD2L1; CC2D2A; DISP3; B9D1; HIPK1; HIPK2;	GO:0007224~smoothened signaling pathway	30	65	46.1538461538462	0.00930737145344307	0.713395437936504	1	1	0.999998153509366	0.999998153509366	1
up	LAMA5; MATN3; DNAJB6; PDGFB; COL4A1; FGA; FGB; VTN; PDGFA; APP; ITGB3; ITGB2; SERPINE1; ITGAV; COL1A2; ITGA5; FGF2; SPARC; FURIN; ATXN1L; SPP1; LAMC1; ITGAM; VCAN; ITGA4; CD44; ERCC2; BCL3; COL5A1; BGN; MATN1; TNC; PTX3; LOX; ICAM3; ITGAE; LUM; COL4A4; ITGA8; LAMB2; ITGA1; FBLN2; COL7A1; ITGA7; ITGA9; COL4A6; LAMA4; HSD17B12; OLFML2A; ABI3BP; ADAMTSL2; EGFL6; NDNF; CSGALNACT1; HPSE2; PXDN; TNR; BCAN; ERO1A; KAZALD1; SLC39A8; SMOC2; ST7; NR2E1; NOX1; POMT1; LAMC3; COL27A1; MMP11; MMP27; MMP24; COL17A1; COL15A1; MMP23B; MMP25; COL22A1; MMP1; MMP9; GFOD2; POSTN; MMP21; RECK; VIT;	GO:0030198~extracellular matrix organization	83	230	36.0869565217391	0.00939895367926169	0.713395437936504	1	1	0.999998153509366	0.999998153509366	1
up	FXYD1; KCNK1; KCNN4; KCNAB3; VPS4B; KCNA2; KCNA5; CDK2; AQP1; GJA5; NSF; KCNJ1; KCNJ4; KCNJ6; KCNQ4; KCNJ2; KCNC4; KCNMA1; KCNJ8; KCNMB4; KCNJ15; KCNS3; KCNMB3; KCNK9; KCNJ16; KCNG2; KCND3; KCNH3; KCNS2; KCNK6; KCNMB2;	GO:0006813~potassium ion transport	31	68	45.5882352941176	0.00946972548017189	0.713395437936504	1	1	0.999998153509366	0.999998153509366	1
up	AOC2; CYB5A; GSR; CYBB; ALDH2; AKR1A1; AKR1B1; NQO2; POR; AKR1C4; NCF2; ME2; GLDC; COX7A1; GLRX; HAAO; XDH; ME1; ASPH; TSTA3; TXNRD1; STEAP4; CIAPIN1; FDX2; COX8C; SH3BGRL3; NDUFA4L2; GLRX2; DHDH; LOXL2; COX11;	GO:0022900~electron transport chain	31	68	45.5882352941176	0.00946972548017189	0.713395437936504	1	1	0.999998153509366	0.999998153509366	1
up	CLDN4; AGT; FOS; KRAS; OXT; AMBP; RLN1; THBD; ITGA5; STS; PTHLH; ETS1; FOSL1; HPGD; CAPN2; IGFBP2; PZP; ENDOU; COMT; CRHBP; ADM; LEP; SLC19A1; NAMPT; STAT5B; PSG9; DHODH; OVGP1; PNOC; HFE; UPRT; SLC38A2; TEAD3; TFCP2L1; LNPEP; PRL; OXTR;	GO:0007565~female pregnancy	37	86	43.0232558139535	0.00996039667483051	0.713395437936504	1	1	0.999998153509366	0.999998153509366	1
up	XIRP2; SDCBP; CDC42EP2; FSCN2; ARHGEF11; ARPC5; TYROBP; NPHP4; DNAJB6; ABLIM3; ABL1; KRAS; PDGFA; CXCL1; TNXB; ADD2; BCL6; CRK; RHOA; RAC1; RHOG; SPIRE1; ROCK1; PRKG1; ABLIM2; KLHL17; FGD6; SSH2; DAAM2; TBCK; POF1B; SSH1; ARPC1A; FOXJ1; FGD4; DLC1; INPP5K; PDCL3; SHROOM4; ARHGAP26; PACSIN2; WASF2; CAPZA2; LIMK2; PDLIM5; PDLIM7; PRICKLE4; FHL3; LDB3; SMTNL1; IQSEC3; AMOTL1; CSRP1; SPECC1; RHOBTB3; MICAL2; VASP; RHOU; RHOV; ARHGEF10L;	GO:0030036~actin cytoskeleton organization	60	157	38.2165605095541	0.0101059633118435	0.713395437936504	1	1	0.999998153509366	0.999998153509366	1
up	CYP7B1; MYC; TGFA; IGF1; LAMC1; BMP4; GLUL; NME1; C5AR1; FGF7; NME2; GRN; FGF9; BMPR1A; YAP1; PAX2; HYAL1; SCN5A; IHH; STOX1; SFRP1; OSR1; EYA1; SMO; ZNF304; TCF7L2; C5AR2;	GO:0050679~positive regulation of epithelial cell proliferation	27	57	47.3684210526316	0.0102570378933651	0.713395437936504	1	1	0.999998153509366	0.999998153509366	1
up	GDI1; RAB19; RAB12; RAB5A; RAB27A; RAB1A; RAB31; RAB38; RAB25; RAB40A; RAB11A; RAB34; RAB29; RAB39A; RAB41; RAB6A; RAB6C; RAB3D; RAB4A; RAB7A; RAB32; RAB44; RAB7B; RAB3C; RAB20; RAB33B; RAB8B; IFT27; RAB21; RAB2A; RAB13; RAB10;	GO:0032482~Rab protein signal transduction	32	72	44.4444444444444	0.011157587092594	0.713395437936504	1	1	0.999998153509366	0.999998153509366	1
up	PXDNL; PSIP1; STC2; VNN1; OXSR1; MT-CO1; ABL1; MT-ND3; PRNP; KRT1; APP; TPO; HMOX1; EPX; TAT; ERCC2; ERCC3; LPO; XPA; PTGS1; PRDX6; PRDX5; PRDX3; GCLM; PSEN1; FGF8; NDUFA6; ERCC8; WRN; MTF1; DHCR24; MICB; MSRB3; CYGB; PXDN; NEIL1; ALS2; PINK1; SRXN1; NDUFA12; MSRA; PRDX1;	GO:0006979~response to oxidative stress	42	102	41.1764705882353	0.0112276538082087	0.713395437936504	1	1	0.999998153509366	0.999998153509366	1
up	IFITM5; ADAM10; WNT9B; TBX3; MAFG; XRCC2; SLC25A20; ZFAND5; SEC24D; MBD3; IGF2; TP53; EDN1; TPM1; GLI3; FGFR1; BMP2; MYH6; CCNB1; FOSL1; YBX3; ERCC2; PLCG1; RXRA; CPT2; NOS3; INPP5B; PCGF2; MYH10; SOX18; BMPR1A; ACVRL1; MSH2; LIG4; SOX10; WNT7B; SOX8; HAND2; PSPH; PKD1; ATP11A; GNA12; PTH1R; NOTCH2; EMX1; ACVR1; NSUN2; FOXC1; NPAT; ENDOG; DSC3; IHH; ANGPT1; TCTN1; RNASEH2B; RPGRIP1L; NXN; MYO18B; WDTC1; FLCN; KAT2A; RUNDC1; ALS2; SMO; EGFL8; SLC39A3; INPP5K; SMG9; DHX35; GDF3; ETNK2; B9D1; JAG2; SLC30A1;	GO:0001701~in utero embryonic development	74	203	36.4532019704434	0.0113130927134969	0.713395437936504	1	1	0.999998153509366	0.999998153509366	1
up	TLR4; PDE2A; TLR2; JAK2; IL33; AGT; LDLR; IFNG; S100A8; SERPINE1; S100A9; OSM; ETS1; FABP4; CEBPB; TNFRSF1A; CCL1; AGTR1; PTGER4; CCR2; CEBPA; STAT5B; NLRP12; PLA2G7; IL18; TNIP1; TLR10; NFKBIZ; TRPV4; IL21; TLR9; TLR7; GPRC5B; GPSM3;	GO:0050729~positive regulation of inflammatory response	34	78	43.5897435897436	0.011319252466367	0.713395437936504	1	1	0.999998153509366	0.999998153509366	1
up	SLC22A31; SLC26A4; SLC24A1; TOMM40; CHRNB2; SLC9A1; CHRNA7; SLC26A3; GLRB; SLC26A2; CLDN10; PLP2; SLC12A1; SLC17A1; SLC9A4; SLC25A26; SLC24A5; SLC36A1; SLC22A15; SLC17A8; CNNM3; SLC24A4; LHFPL5; SLC26A7; SLC9A6; SLC5A5; WNK4; SLC26A6; SLC25A18; SLC12A5; SLC24A3; SLC17A5; CNNM1; SLC17A7; SLC25A10; SLC9A2; SLC12A6; SLC8A2; ATP11B; PLLP;	GO:0006811~ion transport	40	96	41.6666666666667	0.0113363297049368	0.713395437936504	1	1	0.999998153509366	0.999998153509366	1
up	IGKV2-28; IGKV2D-30; IGLC7; IGKV2-29; PSMB11; PSMD14; CHUK; LAT; FOS; IGKV1D-33; IGKV1-33; IGKV1-17; IGKV1-5; IGKV2D-28; IGKV3-20; IGLV1-44; IGLV1-51; IGLV1-40; IGLV2-14; IGLV2-23; IGLV2-11; IGLV3-1; IGLV3-25; IGLV3-27; IGHV1-69; IGHV1-46; IGHV3-48; IGHV2-5; IGHV4-39; IGHV4-59; IGKV1-16; IGKV1D-39; IGKV3-11; IGKV4-1; IGHV4-34; LYN; IGLC6; VAV1; PPP3CB; FER; PSMC3; PLCG1; NFKB1; PSMB1; IGHV1-2; PSMA1; PSMB8; PSMB6; MAPK1; FCER1G; PIK3CB; PSMC1; RAC1; PPP3R1; PAK2; MAP3K1; PSMA8; PSMD1; CARD11; LAT2; TAB2; VAV3; GAB2; BTRC;	GO:0038095~Fc-epsilon receptor signaling pathway	64	171	37.4269005847953	0.0114615380012335	0.713395437936504	1	1	0.999998153509366	0.999998153509366	1
up	TCAF2; SMIM22; RHOD; PIK3CD; SDCBP; CLDN4; ADAM10; SPRY2; JAK2; CPNE3; MAP4K4; FAM107A; WNT11; F10; PLAU; PDGFB; PDGFA; SOD2; IGF1; EDN1; ITGAV; LYN; RET; IGF1R; ITGA5; F7; CTSH; FGR; TMSB15B; BMP2; F3; HGF; MMP9; FER; S1PR1; EPHA1; F2R; MAPK1; GRN; CCR1; RDX; CEACAM6; STAT3; MCAM; CD151; NUMB; AIF1; RRAS2; ACTG1; ADAM17; TNFAIP6; ACVR1; ELP6; PTK2B; TRIP6; MYLK; NTRK3; FERMT3; GCNT2; PREX1; TWIST2; MYADM; HBEGF; GPER1; SMO; PDCD10; CXCL16; ELP3; LGR6; ZNF304; SPHK1; GTSE1; CD274; CCL26; PDGFC; SEMA4C; SEMA3A; SEMA3D; SEMA6B; SEMA3C; SEMA4A;	GO:0030335~positive regulation of cell migration	81	226	35.8407079646018	0.0115646929278916	0.713395437936504	1	1	0.999998153509366	0.999998153509366	1
up	SDCBP; DLGAP1; UNC13B; KCNQ3; HCRT; SCN2B; GLRA3; SNCG; GABARAP; HTR3B; PRKCG; SYN1; MPZ; MAPK1; CHRNA5; GJC1; HTR3A; OMP; NPBWR1; GLRB; AMPH; KCNC4; GAD2; KIF5A; GRM1; UNC119; RAPSN; DOC2A; GRM2; GRM4; NPTX1; SNCB; SV2C; TPGS1; SV2B; KCNMB4; HOMER1; UNC13C; MYCBPAP; HTR3C; SYN2; CEP89; NRXN2; LPAR3; BSN; MYO5A; DTNA; PCDHB5; PCDHB2; PCDHB14; PCDHB13; CHRNB2; GABRB3; CHRNB3; HRH2; CHRFAM7A; CACNA1B; HTR5A; NLGN4X; SLC12A5; HRH3; PNOC; CHRM3; HTR2A; CHRNA10; HTR4; GABRB2; CHRNA7; SLC12A6; CHRM5; PENK; HTR1F; OR11H7; CACNA1E; ZACN; CACNB3; PDYN; NLGN4Y; HTR2C; LRP6; DLG2; NLGN1; HTR1B; CHRNA6; GABRR1; GABRR2; CHRNA9; GABRD;	GO:0007268~chemical synaptic transmission	88	249	35.3413654618474	0.0116455649146189	0.713395437936504	1	1	0.999998153509366	0.999998153509366	1
up	SYNCRIP; SHOX2; DNAJC13; UFL1; WNT11; PENK; IGF2; BGLAP; ALPL; GLI1; BMP2; BMP4; VCAN; IGFBP3; TNC; LOX; EPHA2; FGF9; RBMX; ID4; GDF10; SOX8; RRAS2; RPS15; TPM4; CLTC; MEF2C; CYP24A1; FHL2; IHH; FIGNL1; RSPO2; TP53INP2; SFRP1; LRRC17; GLIS1; CREB3L1; SMO; GTPBP4; CHRD; BCAP29; GDF2; SPP1;	GO:0001649~osteoblast differentiation	43	106	40.5660377358491	0.0125847069204819	0.713395437936504	1	1	0.999998153509366	0.999998153509366	1
up	FXYD1; P2RX6; NDUFS6; DYSF; TPM3; TPM1; MYH6; MYL6B; GJA1; CKMT2; DES; MYL12A; TACR2; HRC; MYL9; LMOD1; OXTR; SCN4A; GJC1; SLC6A8; PXN; ITGA1; MYL6; ACTA2; TPM4; CALD1; ASPH; GAMT; SLMAP; MYLK; SGCA; MYLPF; SORBS1; ANKRD2; MYOF; TBX20; TLN1; TMOD2; TMOD3; TMOD1; TNNT1; TMOD4; TNNI3;	GO:0006936~muscle contraction	43	106	40.5660377358491	0.0125847069204819	0.713395437936504	1	1	0.999998153509366	0.999998153509366	1
up	FFAR2; KLF4; SMAD6; DYSF; IL11; PSMB8; ID4; CEBPA; GDF10; SOX8; RNASEL; STEAP4; ANGPTL8; PID1; BBS7; GLIS1; NOC3L; TFAP2B; CLIP3; BSCL2; OSBPL11; C1QTNF3; TMEM120A; OSBPL8; ARL6; RETN; MKKS; TCF7L2; FBXO9; CBY1; MAFB;	GO:0045444~fat cell differentiation	31	70	44.2857142857143	0.012813648074641	0.713395437936504	1	1	0.999998153509366	0.999998153509366	1
up	MANBA; TGM5; ABL1; YES1; CPE; CHRM3; LOX; USP6; ABL2; CDC34; RABGGTB; ADPRH; UBE2D3; UBE2L3; TGM3; ST3GAL1; PIGH; CDKL3; RIMKLA; UBA3; ST8SIA4; ERO1A; TTLL2; ATG3; PPP4R2; B4GALT7; MSRA; FBXO2; FBXL2; FBXW2; DUSP12; LIPT1; ST3GAL6; LOXL2; RIPK3;	GO:0006464~cellular protein modification process	35	82	42.6829268292683	0.0130342738892579	0.713395437936504	1	1	0.999998153509366	0.999998153509366	1
up	DKK1; PRNP; S100B; NTRK1; APP; PRKCG; CRHBP; MAPK1; EPHB2; GRPR; DRD3; CHRNA7; GLP1R; PSEN1; MEF2C; PICALM; TTBK1; BHLHB9; LILRB2; SHC3; NCSTN; GHSR; ZNF385A; POMK; TMOD2; SLC8A2; VIP;	GO:0007611~learning or memory	27	59	45.7627118644068	0.0142173846925033	0.713395437936504	1	1	0.999998153509366	0.999998153509366	1
up	WNT7A; MSTN; SMAD6; LDHA; CA2; TSHB; EPO; BGLAP; ESR1; GBA; F7; HMOX1; GLI3; ARSB; IGFBP2; GSTM3; COMT; GAL; IL4R; CD24; MAPK1; CTNNA1; PPARG; BRCA1; TRIM25; ZNF366; WBP2; CITED4;	GO:0043627~response to estrogen	28	62	45.1612903225806	0.0144257913795118	0.713395437936504	1	1	0.999998153509366	0.999998153509366	1
up	JAK2; ABL1; AGT; PDGFB; IGF2; CD4; VTN; PRNP; TP53; IGF1; ITGB3; YES1; ITGA5; IL6R; GHR; OSM; HGF; HCLS1; CD44; IL11; KITLG; FGF7; HTR2A; ARRB2; FGF8; ACVR1; TNK2; PTPRJ; PAK2; LRP8; PTK2B; ANGPT1; ADIPOQ; CSPG4; BANK1; HBEGF; EHD4; ANGPT4;	GO:0050731~positive regulation of peptidyl-tyrosine phosphorylation	38	92	41.304347826087	0.0147268911322138	0.713395437936504	1	1	0.999998153509366	0.999998153509366	1
up	ATP6V0E1; LAMTOR5; ULK1; VPS26A; GBA; GAPDH; CAPN1; UCHL1; PRKACA; ATP6V1B2; ATP6V1C1; ATP6V1A; NEDD4; ATP6V0D1; PRKAA1; VPS26B; SNX32; SLC38A9; ATP6V0B; ATG101; RRAGC; ATP13A2; RRAGD; PRKAG3; UBQLN2; ATP6V1H; SNX6; LAMTOR2; SH3GLB1; ATP6V0A2; ATP6V1D;	GO:0016241~regulation of macroautophagy	31	71	43.6619718309859	0.0148123348175361	0.713395437936504	1	1	0.999998153509366	0.999998153509366	1
up	TLR4; TLR2; FGA; FGB; S100A8; S100A9; CTSL; CTSB; CD14; LBP; CTSS; SFTPD; RPS6KA3; TLR1; LGMN; MYD88; TLR9; TLR8; TLR7; LY96; TLR10; TLR5;	GO:0002224~toll-like receptor signaling pathway	22	45	48.8888888888889	0.0148898826264808	0.713395437936504	1	1	0.999998153509366	0.999998153509366	1
down	WTIP; CCL24; AGRN; ABLIM1; VILL; SIPA1L3; DIAPH1; OBSL1; PRPF40A; ACTL6B; CSPG5; PAK4; HLA-DRB1; KRT6A; APOE; THY1; KRT6B; KRT16; TUBA3C; TUBA3D; CCL3; DMD; CCL2; KRT15; KRT4; MDK; CFL1; PRKCI; CAPZB; SOX9; CCL11; CCL7; ARHGAP4; FGD1; SPTBN1; ANK2; KRT76; DST; SPTAN1; CYLC2; NEDD9; KRT31; KISS1; DPYSL2; SH3D19; FGD3; ZMYM4; BRWD3; FGD5; MAEA; ARC; MICAL3; KRT25; FMNL3; PDZD8; MICAL1; ARAP3; PHIP; PALLD; NECTIN2; SH3KBP1; SIPA1; FMNL2; CCL13; SEMA6A; GPR35; PAK6; KRT84; BRWD1; DIAPH3; ABI2; PLCE1; PAK5; STRIP2; MAST1; KLHL20; CDC42BPB; ACTL7B; PCLO; ARHGAP10; TNFAIP3; PACSIN1; MAST4; MAST2; MAST3;	GO:0007010~cytoskeleton organization	85	139	61.1510791366906	0.0149515492932957	0.883886407684671	1	1	0.99999999999997	0.99999999999997	1
down	TRIM38; IRF6; MID1; OAS1; HLA-B; HLA-H; HLA-DRA; HLA-DQA1; HLA-DRB1; HLA-DQB1; MT2A; HLA-A; HLA-DPB1; ICAM1; HLA-DQB2; HLA-C; IRF1; IFI30; NCAM1; HLA-E; IRF2; HLA-G; HLA-DPA1; JAK1; SP100; PML; OAS2; HLA-F; GBP1; GBP2; CIITA; STAT1; B2M; IRF9; IRF8; TRIM26; NMI; CAMK2B; CAMK2G; CAMK2D; IRF3; IRF4; OASL; TRIM22; IRF7; TRIM8; TRIM5; CAMK2A; OAS3;	GO:0060333~interferon-gamma-mediated signaling pathway	49	72	68.0555555555556	0.0161507020222	0.883886407684671	1	1	0.99999999999997	0.99999999999997	1
up	KRAS; OXT; BGLAP; S100B; ALPL; BCHE; SPARC; ANXA3; PFKFB1; TAT; IGFBP2; IL1RN; CALCR; ADM; HNMT; AIF1; UCP3; WNT7B; RHOA; ADAM9; ADIPOQ; CDO1; PDCD7; PTPRU; ABCA3; IL22; GPR83;	GO:0051384~response to glucocorticoid	27	60	45	0.0166118728674336	0.713395437936504	1	1	0.999998153509366	0.999998153509366	1
up	SH3PXD2B; ADAM10; FLOT1; TIMP1; KLKB1; MMP1; GSN; CAPN1; PRSS1; PRSS2; CTSL; FURIN; LAMC1; LCP1; MMP9; TIMP2; CD44; CAPN2; KLK2; CMA1; MMP11; CTSS; CAPG; TPSAB1; TMPRSS6; SCUBE1; CAPNS2; KIF9; TLL2;	GO:0022617~extracellular matrix disassembly	29	66	43.9393939393939	0.016913908405827	0.713395437936504	1	1	0.999998153509366	0.999998153509366	1
up	AGRP; CLDN4; ASS1; NTRK1; SERPINE1; F7; TOP1; CDK4; IMPDH2; BDNF; SLC6A4; NOS2; LEP; NAMPT; ADCY1; DYRK1A; KLF9; NR0B2; ADIPOQ; NTRK3; RPE65; NTRK2; NDUFA9; METTL3; ARNTL2; PROX1; RBM4B; HEBP1; PROKR2; SRRD; NFIL3; PROK1;	GO:0007623~circadian rhythm	32	75	42.6666666666667	0.0170730397690506	0.713395437936504	1	1	0.999998153509366	0.999998153509366	1
up	SMIM22; LAMA5; MAFG; NUAK1; TBX19; MITF; PLAU; AGT; PF4; FES; PTGS1; IL4R; GUCY2C; TSPO; GRPR; AGTR1; NOS2; TCF7; BRCA1; PLA2G4A; JAG1; XIAP; BIRC2; PKD2; FA2H; PLCD3; NKX2-3; SGK3; BIRC7; SCGB3A1; GNL3; ACE2; CHRNA10; FANCL; DHCR7; OSGIN1; SLC7A11; JAG2; SRMS; TFAP2D; ANXA1; FGR; BLK; YES1; DUSP22; TGFB2; TFAP2B; GKN2; STAT3; BCL6B; SLA; BCL6; STAT5B; HCK; BRICD5; LYN; FER; TFAP2E; TNK2; LTK;	GO:0042127~regulation of cell population proliferation	60	163	36.8098159509202	0.0179199332726933	0.713395437936504	1	1	0.999998153509366	0.999998153509366	1
up	POLR2D; CREBL2; MITF; ZNF217; TCEA3; ABLIM3; ESR1; NR3C1; THRB; HOXB9; BCL3; ARNT; POLR2B; HOXA9; POLR2I; CEBPA; POLR2J; PPP5C; POLR2K; POLR2L; E2F1; MEF2A; PAX2; ILF2; MTF1; NFKBIB; ABLIM2; SMARCD3; SPOCD1; SCX; DTX1; TCEANC2; POLR3C; ASXL3; SLC39A8; MED20; RRAGC; XAB2; THAP1; POLR3B; LZTS1;	GO:0006351~transcription, DNA-templated	41	103	39.8058252427184	0.0182240817010958	0.713395437936504	1	1	0.999998153509366	0.999998153509366	1
up	SH3PXD2B; ZBTB7C; CREBL2; BMP2; CEBPB; HTR2A; HTR2C; PPARG; CEBPA; SULT1E1; ID2; ZBTB16; ADIG; STK3; MEDAG; SFRP1; CCDC71L; LMO3; SFRP2; ZNF385A; CMKLR1; CCDC3; GDF3; DKKL1;	GO:0045600~positive regulation of fat cell differentiation	24	52	46.1538461538462	0.0186009311948885	0.713395437936504	1	1	0.999998153509366	0.999998153509366	1
up	FXYD1; CLIC1; CLDN4; GABRD; SLC26A4; GLRA3; BEST1; CFTR; GABRR1; GABRB3; GABRR2; SLC26A3; CASR; SLC1A4; GABRB2; GLRB; SLC26A2; CLCN4; CLCN5; CLCNKA; CLCA4; ANO4; ANO5; BEST3; BEST4; BEST2; SLC26A7; BSND; CLIC6; SLC26A8; TTYH2; SLC26A6; ANO2; SLC17A7; CLIC4; CLCA3P; SLC12A5; SLC12A1; SLC12A6;	GO:1902476~chloride transmembrane transport	39	97	40.2061855670103	0.018624474468063	0.713395437936504	1	1	0.999998153509366	0.999998153509366	1
up	FOS; OXT; HTR2A; OXTR; IL18; MRGPRX2; SLC29A1; CACNA1I; HCRT;	GO:0030431~sleep	9	12	75	0.0187658602131338	0.713395437936504	1	1	0.999998153509366	0.999998153509366	1
up	SPTLC1; SPTLC2; GBA; ASAH1; ACER2; ACER1; ASAH2; ACER3; SPHK1;	GO:0046512~sphingosine biosynthetic process	9	12	75	0.0187658602131338	0.713395437936504	1	1	0.999998153509366	0.999998153509366	1
up	TYROBP; FAM107A; ABL1; PRNP; APP; ADORA1; CX3CR1; EPHA4; PPP1R9A;	GO:1900272~negative regulation of long-term synaptic potentiation	9	12	75	0.0187658602131338	0.713395437936504	1	1	0.999998153509366	0.999998153509366	1
up	KDM6B; SPRY2; MITF; BMP2; GAP43; PPARG; GAS1; FGF8; SOX8; ERBB4; GDF7; NEUROD4; HEY2; NR2E1; WNT16; WNT7B; WNT9B; SOX5; WNT11; WNT10A; WNT7A; WNT6; WNT4; WNT9A; WNT8B;	GO:0045165~cell fate commitment	25	55	45.4545454545455	0.0189016287154689	0.713395437936504	1	1	0.999998153509366	0.999998153509366	1
up	PIK3CD; ITGB2; S100A8; EDN1; S100A9; SAA1; EDN3; VAV1; LGALS3; C5AR1; CXCR2; NCKAP1L; ITGA1; TGFB2; CXCL6; ITGA9; JAML; PREX1; CSF3R; CKLF; VAV3; CCL1; CXCL1; CXCR1; CCL14; PF4; FCER1G; CCL26; CCL23; CCL15; PF4V1; CCL20;	GO:0030593~neutrophil chemotaxis	32	76	42.1052631578947	0.0195247135526841	0.713395437936504	1	1	0.999998153509366	0.999998153509366	1
up	QSOX1; ADAM10; MATN3; VGF; SIAH2; CALU; STC2; F2; SERPINC1; SERPINA1; TIMP1; KNG1; PENK; PRL; IGF2; FGA; AHSG; TF; LTF; MMP1; SEMG1; IGF1; CHGB; APP; CALB1; GSN; HEXB; CTSH; FURIN; C4A; UBB; PGA3; PGA5; SAA1; SPP1; LAMC1; F5; BMP4; SCG2; VCAN; IGFBP3; IGFBP2; CDH2; ITIH2; HRC; IGFBP6; TNC; CSF2RB; SFTPD; IGFALS; GPC3; LAMB2; LYZ; TSPAN5; APLP2; SLC34A1; CKAP4; DNAJC3; GOLM1; PCSK9; SCG3; NCSTN; SORL1; ABCA3; EVA1A; L2HGDH; CCDC59; NAT8; ZDHHC2; SERPINA10; SNCAIP;	GO:0044267~cellular protein metabolic process	71	200	35.5	0.0199147558643911	0.713395437936504	1	1	0.999998153509366	0.999998153509366	1
up	CCDC66; CEP290; LAMA5; ABCC4; ABLIM3; SNAP29; GSN; CCNO; ARL3; RFX2; ACTR3; ACTR2; ATP6V0D1; RAB1A; TCTN1; FAM161A; ARL13B; KIF24; TCTN3; TMEM17; DZIP1; NUDCD3; BBS7; IFT20; BBS5; IQUB; POC1B; FBF1; TCTEX1D2; RAB8B; FOXJ1; IFT43; TCTN2; WDR90; CEP19; CFAP53; CFAP54; NEK1; TMEM237; CEP89; CCDC28B; ARL6; CCDC113; EHD1; TMEM138; MKKS; IFT46; PARVA; CELSR3; EHD3; TMEM216; CC2D2A; WDR35; DCDC2; ASAP1; B9D1; SSX2IP; ATP6V1D; SNX10; MAFIP; CFAP44; TTC36; MAK; TRAF3IP1; CDKN3; CDC14C; DYNC2H1;	GO:0060271~cilium assembly	67	187	35.8288770053476	0.0200564561537752	0.713395437936504	1	1	0.999998153509366	0.999998153509366	1
up	TMEM150B; TECPR2; TM9SF1; ULK1; ATG7; ABL1; GBA; TP53; S100A8; S100A9; DRD2; ARSB; ANXA7; DRD3; PIK3CB; RGS19; GABARAPL2; RAB1A; CLTC; USP10; RAB39A; CLEC16A; TBC1D25; WIPI1; RAB12; NHLRC1; SBF2; DRAM1; GRAMD1A; NRBF2; C9orf72; VPS13A; PARK7; TMEM208; MAP1LC3B; TOLLIP; VPS11; CHMP4B; RNF41; EVA1A; WDR41; ATP13A2; TBC1D14; CD84; CHMP2B; SH3GLB1; TRIM17;	GO:0006914~autophagy	47	123	38.2113821138211	0.0207478209535306	0.713395437936504	1	1	0.999998153509366	0.999998153509366	1
up	SFI1; PLK4; CEP290; SSNA1; NPHP4; CEP152; TUBB; PRKACA; NEK2; PLK1; ACTR1A; YWHAG; RAB11A; DYNLL1; TUBA4A; TUBB4B; DYNC1I2; DCTN2; DCTN1; TCTN1; ODF2; KIF24; CEP135; RPGRIP1L; TCTN3; TUBA1A; HAUS6; CNTRL; CEP57; FBF1; TCTN2; CEP89; HAUS7; HAUS4; CENPJ; TMEM216; CC2D2A; B9D1;	GO:0097711~ciliary basal body-plasma membrane docking	38	95	40	0.0211609533390228	0.713395437936504	1	1	0.999998153509366	0.999998153509366	1
down	FEZF1; FAM170A; HAS3; TAF4; ARNTL; FOXE1; NR5A2; NFIB; ARID1A; DVL1; MAP2K7; IRF6; IKBKB; TRIM24; AXIN1; TOX3; CLOCK; ATMIN; TBX1; AIRE; MED14; ZIC3; EDF1; BRD4; LRP5; DEAF1; MED24; NR1I2; FOXH1; PIAS1; SEC14L2; BMP10; ZIC2; SNAI1; BMP15; BCL10; EGFR; TGFB1; TNF; IFNA2; IL1B; HLA-DRB1; COL1A1; APOE; CD74; IL5; JUN; TFAP2A; INSR; GLI2; ZBTB48; RARA; TGFB3; IRF1; EGR2; PIM1; CDH1; SRC; XRCC6; LYL1; NCF1; TCF4; TCF3; CREB1; HMGA1; BMP7; EGR1; ATF4; TFEB; WT1; TBP; POU3F3; HNF1A; MDK; IL10; SP100; NFYA; PAX3; NR2F2; PAX6; TEAD1; CD38; KDM5A; NOS1; HOXA11; AKT1; OTX2; ELF1; CIITA; CTNNB1; RFC1; RORA; DDIT3; HNF1B; SOX11; MAP2K2; NUP62; VHL; HNF4A; STAT1; MLLT3; GATA4; NKX2-1; NOTCH1; RFX3; SOX2; SOX9; NRIP1; LHX1; CTCF; CDKN1C; AGTR2; LHX2; DNM2; SMARCA2; SMARCA4; BRCA2; MECP2; HCFC1; HMGA2; NKX2-5; NR1H2; DLX5; WNT3A; FOXL2; PSMC5; ESRRG; CNBP; ELF3; HMGN5; SMAD3; FOXK1; DAB2; NDP; FOXK2; FLI1; ROR2; SP3; MAP2K1; POU3F1; KMT2A; PPARD; RELA; SRY; PPARA; EP300; TP53BP1; ILF3; FOXF1; FOXF2; MLLT11; REST; RLF; NR1H3; TRIM28; UBE2V1; SMAD4; HDAC1; NEUROD1; NCOA4; HNRNPD; SERTAD2; HES1; NCOA6; NOLC1; ATXN7L3; IRF4; SHH; MED1; TRIP4; ALX1; ELF2; NCOA1; SMAD2; ZIC1; HIF1A; ZNF423; ZXDC; EDRF1; LBH; HIVEP3; RNF187; GDF6; NAA16; HMBOX1; ATF7IP; RNF111; CREB3L2; RAI1; TAF8; SETD3; RBM23; CASZ1; GPBP1; RFX6; CRLF3; PARP9; YAF2; KMT2E; MYOCD; TAF1L; BANP; SMARCC2; FANK1; DTX3L; NAT14; PHIP; KAT6B; ZNF516; RREB1; CREBBP; KAT6A; TAF15; GATA6; SMARCC1; IRF7; DVL3; MED12; TP53INP1; TRIM44; FUBP3; NSD1; FOXN4; TRERF1; CDK5RAP2; RSF1; NOTCH4; DNAJC2; TBX5; ELF4; KLF6; CDX2; SMAD5; NPAS2; FOXC2; CITED1; CITED2; HINFP; SOST; WAC; LGR4; NAA15; ZNF341; PBX4; TBL1XR1; FGF23; ING2; EPC1; SOX17; TASP1; KAT8; PTGES2; ARNT2; GPBP1L1; CHD8; GCM1; MLXIPL; SALL1; MED17; CXXC1; PIM2; CALCOCO1; PPARGC1A; LHX3; SIX4; FZD4; PHF8; USP22; MAPRE3; FOXA2; ATF5; MAP3K2; THRAP3; MED16; GRIP1; ZNF711; DYRK1B; KDM3A; USP16; KLF2; SNX5; SPIN1; NCOA3; NFYB; ARID1B; PRDM2; PRDM9; KMT2B; ING1; MYRFL; ABRA; NFE2L1; FEZF2; MYBL2; NUP85; NFE2L3;	GO:0045893~positive regulation of transcription, DNA-templated	296	570	51.9298245614035	0.0212877323077961	0.883886407684671	1	1	0.99999999999997	0.99999999999997	1
up	CD3G; CTNNA1; ACTB; ACTR3; ACTR2; CRB1; SFRP5; RPGRIP1L; PARVA; CAP1; CAP2; RHOG; RHOBTB2; RHOD; PARVB; FSCN2; RHOU; RND2; RHOA; RHOBTB1; FSCN3; RHOV; RHOBTB3; RAC1;	GO:0007163~establishment or maintenance of cell polarity	24	53	45.2830188679245	0.0218115468084487	0.713395437936504	1	1	0.999998153509366	0.999998153509366	1
up	SFI1; PLK4; CEP290; SSNA1; HMMR; CEP152; TUBB; PRKACA; CENPF; NEK2; PLK1; ACTR1A; YWHAG; DYNLL1; TUBA4A; TUBB4B; DYNC1I2; DCTN2; DCTN1; KIF14; ODF2; RNASEH2B; CEP135; TUBA1A; HAUS6; CNTRL; CEP57; CCNB3; HAUS7; HAUS4; CENPJ; TPX2; CDK2;	GO:0010389~regulation of G2/M transition of mitotic cell cycle	33	80	41.25	0.0221210004850932	0.713395437936504	1	1	0.999998153509366	0.999998153509366	1
up	SLC38A8; FXYD1; SLC17A3; SCN1A; SCN4A; SLC6A8; SCNN1B; ASIC1; SLC38A11; SLC10A7; SCN5A; NDUFA9; SLC5A9; SLC9B1; SLC10A5; CATSPER3; SLC13A5; SCN4B; SLC38A6; SLC34A3; SLC4A11; SLC17A8; SLC13A3; SLC5A11; SLC5A5; FGF13; SLC10A4; NEDD4L; SLC38A2; SLC22A4; SCN3A; SLC5A2;	GO:0006814~sodium ion transport	32	77	41.5584415584416	0.0222470566274752	0.713395437936504	1	1	0.999998153509366	0.999998153509366	1
up	MSTN; FOS; BGLAP; SPARC; PKM; MYOG; FOSL1;	GO:0009629~response to gravity	7	8	87.5	0.0224904469432321	0.713395437936504	1	1	0.999998153509366	0.999998153509366	1
up	VSTM5; GLRA3; POLQ; C9; PRNP; PRF1; KCNA2; KCNA5; RBMX; BLM; KCNC4; MPP2; BEND3; JMJD6; KCTD18; CEP57; CALHM1; ATL2; KCNG3; SHKBP1; KCNV2; NACC2; TIFA; ALS2; KCNA7; KCNS3; TRMT61B; TMEM120A; EHD4; EHD1; ECT2; PRMT8; EHD3; SPAST; UPB1; KCNG2; KCND3; KCNS2; G3BP2; ZBTB1; KCTD3;	GO:0051260~protein homooligomerization	41	105	39.0476190476191	0.0227951115046162	0.713395437936504	1	1	0.999998153509366	0.999998153509366	1
up	APAF1; FOXO3; PITX3; ATG7; GJB6; MBD3; MT-CO1; ADA; ASS1; AGT; TIMP1; FOS; PENK; EPO; AMH; NTRK1; CYP1A1; ITGB2; SERPING1; GSN; TIMP2; IGFBP2; ERCC2; TNFRSF1B; CNR1; EDNRB; HTR2A; MAPK1; TSPO; CTNNA1; ADM; ADRA1A; PCK1; STAT3; NAMPT; P2RY1; GCLM; CTSC; CASP9; FOXG1; UCP3; SLC6A3; PAX2; PTH1R; LRP1; WRN; ENDOG; NFE2L2; BCL2A1; KYNU; LITAF; KRTAP4-3; SRR; RETN; GLRX2; ATP8A2; KL; PPP1R9A; TRPC6; LOXL2;	GO:0007568~aging	60	166	36.144578313253	0.023365819959565	0.713395437936504	1	1	0.999998153509366	0.999998153509366	1
up	LYN; FGR; CD24; FPR2; CD40; BTLA;	GO:0002768~immune response-regulating cell surface receptor signaling pathway	6	6	100	0.0236234262296422	0.713395437936504	1	1	0.999998153509366	0.999998153509366	1
up	SPTLC1; SPTLC2; SGMS1; SGMS2; SAMD8; PEMT;	GO:0006686~sphingomyelin biosynthetic process	6	6	100	0.0236234262296422	0.713395437936504	1	1	0.999998153509366	0.999998153509366	1
up	TMEM8B; SGCE; FGA; FGB; VTN; ITGB3; ITGB2; ITGAV; CD63; ITGA4; CD44; L1CAM; CD96; BCAM; ITGA8; ITGA1; ADAMTS12; RHOA; RAC1; PKD1; PPFIA1; ADAM9; ITGA7; ZYX; FREM1; FERMT2; SORBS1; SIGLEC1; EPDR1; COL17A1; TNN; HPSE; EMILIN1; LYPD5; CD34; STRC; LYPD3; STRCP1;	GO:0007160~cell-matrix adhesion	38	96	39.5833333333333	0.0237430813430637	0.713395437936504	1	1	0.999998153509366	0.999998153509366	1
up	RAMP1; RAMP3; ITGB2; ACHE; CXCR1; CXCR2; ACKR3; FCER1G; ARRB2; ADM; GRK3; NEDD4; CLTC; LRP1; PICALM; RAB31; CALCRL; LILRB1; DNM1; DNM3;	GO:0031623~receptor internalization	20	42	47.6190476190476	0.0238406069115585	0.713395437936504	1	1	0.999998153509366	0.999998153509366	1
up	NUPR2; APBB1; TP73; LAMTOR5; GAS7; NBN; CDC123; ABL1; MYC; IFNG; PRNP; TP53; IFNW1; RB1; INHBA; GADD45A; PPM1A; CDKN2A; MSH2; MAP2K6; MAPK12; GAS1; CDKN2D; TGFB2; EIF4G2; PKD1; CDK6; NOTCH2; PRKAA1; PKD2; DHCR24; ZFHX3; CDKN3; STRADA; SLC38A9; KIF20B; CGREF1; CGRRF1; TSG101; STRADB; RRAGC; TCF7L2; RRAGD; RASSF1; RPRM; PRKAG3; LAMTOR2; CAB39; WHAMMP3;	GO:0007050~cell cycle arrest	49	131	37.4045801526718	0.0244182063143578	0.713395437936504	1	1	0.999998153509366	0.999998153509366	1
up	OXT; ATXN1L; CHRNB2; GRPR; SLC6A4; DRD3; CX3CR1; ATXN1; MAPK8IP2; NPAS4; NLGN4X; NLGN4Y; VPS13A; SHANK3; GNB1L; MKKS; NRXN2; CNTNAP2; GNG8; GRID1; NR2E1; SHANK1; OXTR;	GO:0035176~social behavior	23	51	45.0980392156863	0.0251841635464327	0.713395437936504	1	1	0.999998153509366	0.999998153509366	1
up	PDE2A; EEF2K; AQP9; ASS1; PENK; APP; CFTR; CRHBP; PTAFR; AQP1; CPS1; PCK1; AHR; SLC26A3; RAP1B; RAP1A; AKAP6; PKD2; ADIPOQ; SLC5A5; INPP5K; SLC26A6; HCN2; RAPGEF2;	GO:0071320~cellular response to cAMP	24	54	44.4444444444444	0.0254358236462433	0.713395437936504	1	1	0.999998153509366	0.999998153509366	1
up	HPN; STRC; LHFPL5; TMC2; CHRNA10; PDZD7; MKKS; CHRNA9; TMC1;	GO:0050910~detection of mechanical stimulus involved in sensory perception of sound	9	13	69.2307692307692	0.0260024692689547	0.713395437936504	1	1	0.999998153509366	0.999998153509366	1
up	HTR1B; ADORA1; P2RY1; P2RY4; NCS1; ATP2B3; SCGN; CALB1; CALB2;	GO:0099509~regulation of presynaptic cytosolic calcium ion concentration	9	13	69.2307692307692	0.0260024692689547	0.713395437936504	1	1	0.999998153509366	0.999998153509366	1
up	IRGM; CDK2AP1; FLOT1; CHEK2; ABL1; F2; KRAS; IGF2; IFNG; CD4; NTRK1; APP; ITGB3; ANXA2; LYN; RALB; BMP2; BMP4; MMP9; EDNRB; FPR2; FAS; MT3; CD40; CHRNA7; LEP; P2RY1; HSPA2; AIF1; RAC1; ADAM17; PLAUR; ERBB4; ANGPT1; ADIPOQ; NTRK3; NTRK2; IL34; KNDC1; PROM2; FLCN; ITLN1; MYDGF; CLIP3; FAM20A; CAMKK2; GPER1; CARD14; PINK1; AKTIP; PELI2; DAXX; SLCO3A1; AXIN2; NPTN; VEGFB; HGF; VEGFC;	GO:0001934~positive regulation of protein phosphorylation	58	161	36.0248447204969	0.0265992701137745	0.713395437936504	1	1	0.999998153509366	0.999998153509366	1
down	GRIN2D; KALRN; CNP; GIP; HOXB8; DRD4; HOXD9; HOXD10; NTF4; GDNF; PBX3; OPRD1; PAFAH1B1; NR4A2; CXCL12; ARCN1; PPT1; ATP1A2; MECP2; FGF12; GRIN1; EN1; EPS8; PUM1; SEZ6; GIGYF2; OTOG; LGI4; DMBX1; TSC1; NTAN1; SLITRK6; ADAM22; FOXA2;	GO:0008344~adult locomotory behavior	34	48	70.8333333333333	0.0280284062867157	0.883886407684671	1	1	0.99999999999997	0.99999999999997	1
up	AP4M1; RHOD; SYNGR1; RASSF9; GABARAP; YWHAB; RAB27A; YWHAG; RPL11; YWHAZ; AKAP12; AKAP6; LTBP2; FUT10; STXBP4; NUP54; NLGN1; SORL1; AP4E1; AP4B1;	GO:0006605~protein targeting	20	43	46.5116279069767	0.0282631768698249	0.713395437936504	1	1	0.999998153509366	0.999998153509366	1
up	POLR2D; FGF16; FGF17; FGF2; FGFR1; FGF7; FGFR4; CBL; ANOS1; MAPK1; POLR2B; FGF9; POLR2I; IQGAP1; NCBP2; POLR2J; POLR2K; FGF8; POLR2L; TIAL1; GALNT3; TRIM71; ESRP1; FAT4; SPRED2; SPRED1; CEP57; FRS2; FGF22; FLRT1; KL; SHOC2;	GO:0008543~fibroblast growth factor receptor signaling pathway	32	79	40.5063291139241	0.0285787561841343	0.713395437936504	1	1	0.999998153509366	0.999998153509366	1
up	TLR4; TNFRSF10A; PDE2A; CHEK1; TNFSF14; TLR5; WNT11; AGT; GJA1; TNFRSF1A; SLC9A1; NFKB1; GADD45A; FAS; CD40; TNFRSF8; CASP1; AQP1; PTGER4; LTBR; HDAC4; RAC1; KCNJ2; BNIP3; MAP3K1; HABP4; SCX; SLC38A2; CNN2; MYD88; TLR8; TLR7;	GO:0071260~cellular response to mechanical stimulus	32	79	40.5063291139241	0.0285787561841343	0.713395437936504	1	1	0.999998153509366	0.999998153509366	1
up	DENND3; SNAPIN; RAB7A; MTM1; GPRASP1; RAB12; SCYL2; HOOK3; FAM160A2; VPS33A; SORT1; TSG101; KIF13A; VPS33B; VPS11; AKTIP; HMGXB4; HOOK1; PCDHGA3; CLEC16A; RAB7B;	GO:0008333~endosome to lysosome transport	21	46	45.6521739130435	0.0287403564867221	0.713395437936504	1	1	0.999998153509366	0.999998153509366	1
up	PRSS37; LAMA5; ARPC5; VTN; CD63; LAMC1; FGFR1; CEACAM1; LCP1; CD44; ARF4; CDH2; PLCG1; SLC9A1; COL5A1; S1PR1; FGFR4; CD24; EPHA2; L1CAM; PIK3CB; IQGAP1; ADAMTS12; RHOA; TGFB2; RAB1A; SIRPA; TGFBR3; PRKCZ; ENPEP; FOXC1; ADAM9; DOCK1; ERBB4; SYDE2; TNS3; SYDE1; AVL9; USP33; DEPDC1B; TMEM18; FAM83D; PEAK1; PSTPIP2; SIX2; LIMD1; ADGRE2; SPEF1; NOX1; EMILIN1; ITGB2; TSPAN11; CD151; MEGF9; FES; RHOU; CORO1C; ITGB3; GPC5; LAMB2; ARPC5L; FSCN2; NDEL1; LAMB4; CD248; NCKAP1L; RHOV; EFS; FSCN3; PIK3CD; SRMS; GPC3; LAMC3; CLEC14A; FER; RHOD; PIK3C2A;	GO:0016477~cell migration	77	225	34.2222222222222	0.0293695917300324	0.713395437936504	1	1	0.999998153509366	0.999998153509366	1
up	PGK1; PLAU; FGA; FGB; APOH; F11; KLKB1; DHCR24;	GO:0031639~plasminogen activation	8	11	72.7272727272727	0.0293998507948651	0.713395437936504	1	1	0.999998153509366	0.999998153509366	1
up	UPP2; DPYD; DPYS; UPP1; NT5C; NT5C3A; NT5M; UPB1;	GO:0046135~pyrimidine nucleoside catabolic process	8	11	72.7272727272727	0.0293998507948651	0.713395437936504	1	1	0.999998153509366	0.999998153509366	1
up	CYBB; ITGB3; ITGAV; VAV1; NCK1; NCF2; PIK3CB; CRK; PXN; VEGFB; VEGFC; NCKAP1L; RHOA; RAC1; SHC2; FOXC1; PAK2; ROCK1; DOCK1; PTK2B; NCF4; MAPK14; CYFIP1; ABI1; ELMO2; VAV3; WASF2;	GO:0048010~vascular endothelial growth factor receptor signaling pathway	27	64	42.1875	0.0295333569012554	0.713395437936504	1	1	0.999998153509366	0.999998153509366	1
up	TERT; CFLAR; SUV39H1; FOXO3; BNIP3L; OPA1; STC2; PGK1; MYC; S100B; TP53; EDN1; HMOX1; CCNB1; SLC9A1; CCNA2; MT3; AK4; AQP1; PCK1; CASR; NPEPPS; GNGT1; E2F1; BNIP3; PRKAA1; ENDOG; CARD16; VASN; CPEB2; SFRP1; NDNF; MGARP; ERO1A; SLC29A1; BRIP1; PINK1; HIPK2; RGCC; STUB1; TRPC6; ANGPT4;	GO:0071456~cellular response to hypoxia	42	111	37.8378378378378	0.0307360577902872	0.713395437936504	1	1	0.999998153509366	0.999998153509366	1
up	APAF1; TLR2; LDHA; PLAU; ADA; PENK; RAF1; CYP1A1; SOD3; F7; MYB; BMP2; DRD2; PKM; ETS1; CAPN2; CHRNB2; ERCC2; ERCC3; KCNA5; AHCY; CD24; MT3; ARNT; ADORA1; SLC6A4; NOS2; ADM; CHRNA7; ACVRL1; LEP; HK2; UCP3; RHOA; TGFB2; ADAM17; PLOD1; TGFBR3; KCNMA1; BNIP3; PRKAA1; BIRC2; PTK2B; POSTN; ADIPOQ; PLEKHN1; AGTRAP; CYGB; AJUBA; APOLD1; WDR83; SLC2A8; DNMT3B; LIMD1; LOXL2; VEGFB; VEGFC; EPO;	GO:0001666~response to hypoxia	58	163	35.5828220858896	0.0314761547199202	0.713395437936504	1	1	0.999998153509366	0.999998153509366	1
up	IRGM; TLR4; ABL1; ASS1; SERPINE1; CD14; VIM; CDK4; CAPN2; CEBPB; LBP; NFKB1; TNFRSF1B; TBXA2R; EDNRB; CD40; HMGB2; KLRK1; CASP1; TSPO; NOS2; CX3CR1; RHOA; SIRPA; CXCL6; LCN2; MEF2C; IL24; ADAM9; NFKBIB; MAPK14; CARD16; PRPF8; SGMS1; LILRB2; LILRB1; HAVCR2; GHSR; TNIP3; NLRP3; LITAF; MYD88; PLSCR4; SHPK; CXCL1; VDR; PF4; PF4V1; LY96; IL36B; CD86; DEFA6; NR1I3; IL1A; CD180; IL37; IL36A; CD274;	GO:0071222~cellular response to lipopolysaccharide	58	163	35.5828220858896	0.0314761547199202	0.713395437936504	1	1	0.999998153509366	0.999998153509366	1
up	SH3PXD2B; TBX3; MATN3; SHOX2; IGF2; AHSG; BGLAP; IGF1; ALPL; HEXB; COL1A2; FGFR1; VDR; PTHLH; BMP2; MMP9; ETS2; NPR3; FST; EPHA2; HOXA10; GJA5; RASSF2; RPS6KA3; GDF10; HDAC4; TGFB2; NKX3-2; PTH1R; PRDX1; IHH; EXT1; PKDCC; WFIKKN2; WFIKKN1; CMKLR1; HES7; CHRD; TP63; GDF3; DLL3; EIF2AK3; TRPS1; SUFU; JAG2; HOXA4; IMPAD1; BCAN; VCAN; HAPLN3;	GO:0001501~skeletal system development	50	137	36.4963503649635	0.0316608521360515	0.713395437936504	1	1	0.999998153509366	0.999998153509366	1
up	TMSB15B; TMSB4Y; CDC42EP2; INPPL1; MYO1B; DIAPH2; SORBS2; TF; TMSB15A; ACTN1; NCK1; CLRN1; ARF1; CCDC155; POF1B; TRPV4; BIN3; EVL; MAD2L2; SHROOM4; RHOG; TMOD1; TMOD2; CORO1C; TMOD4; RHOBTB2; HIP1; MYO7A; RHOA; TMOD3; RHOU; RAC1; LMOD1; RHOV; RND2; TPM1; RHOBTB3; TPM3; MYO5A; RHOD; RHOBTB1; MYO1F; PPP1R9A; TPM4; MYO1H;	GO:0007015~actin filament organization	45	121	37.1900826446281	0.032011793903768	0.713395437936504	1	1	0.999998153509366	0.999998153509366	1
up	KCNK1; SLC17A3; SLC24A1; SCN2B; TRPM2; SCN4A; SCNN1A; SCNN1B; ASIC1; PKD2; SCN5A; SLC17A1; SLC4A10; SLC24A5; SCN4B; SLC34A3; SLC4A11; SLC24A4; ASIC4; SLC4A9; SLC28A3; SLC24A3; TRPM5; PKD2L1; CACNA1I; SLC17A7; ASIC3; HCN2; SLC8A2; SLC12A1; SCN1A; SCN3A;	GO:0035725~sodium ion transmembrane transport	32	80	40	0.0322255045238384	0.713395437936504	1	1	0.999998153509366	0.999998153509366	1
up	PXDNL; GSR; HBD; S100A9; TPO; GSTA1; TXN; EPX; ALOX5AP; LPO; GPX3; PTGS1; GSTM2; PRDX6; PRDX5; PRDX3; HBB; HBA1; GSTO1; TXNRD1; HBM; NXN; TXNDC2; CYGB; PXDN; GPX7; PARK7; SRXN1; GSTO2; TXNRD2; SESN1;	GO:0098869~cellular oxidant detoxification	31	77	40.2597402597403	0.0325916869161373	0.713395437936504	1	1	0.999998153509366	0.999998153509366	1
up	MATN2; AZU1; TSPO; P2RY1; EPHA4; TGFB2; CSPG4;	GO:0008347~glial cell migration	7	9	77.7777777777778	0.0329270957265809	0.713395437936504	1	1	0.999998153509366	0.999998153509366	1
up	AP4M1; ULK1; TP53; AKAIN1; DRD2; ERCC3; BCL6; GNGT1; DOC2B; DHCR24; DUOXA1; ODF2; CDAN1; TNS4; NIN; NBEA; PHYHIP; SPTSSA; WNK4; ALS2; VPS13A; BIN3; SLC9A2; MLH3; AP4E1; CBY1; AP4B1; HEATR5A; BBS7; HEATR5B;	GO:0008104~protein localization	30	74	40.5405405405405	0.0329299471240424	0.713395437936504	1	1	0.999998153509366	0.999998153509366	1
up	SULT2B1; SULT1B1; UGT2B17; CYP1A1; CYP2E1; CYP21A2; SULT1A3; CYP2C8; CYP2A6; CYP3A7; TSPO; SULT1E1; AKR1C2; UGT2B15; RDH5; UGT2B28; CYP3A43; DHCR24; AKR1C1; AKR1C4;	GO:0008202~steroid metabolic process	20	44	45.4545454545455	0.0332760983645065	0.713395437936504	1	1	0.999998153509366	0.999998153509366	1
up	IFITM5; WNT11; BGLAP; CLEC3B; COL1A2; FGR; PTHLH; BMP2; ERCC2; LOX; GPC3; PTH1R; PKDCC; RSPO2; FBXL15; SLC24A3; TMEM38B; EIF2AK3; AXIN2; SNX10;	GO:0030282~bone mineralization	20	44	45.4545454545455	0.0332760983645065	0.713395437936504	1	1	0.999998153509366	0.999998153509366	1
down	PPL; KRT33A; KRT34; KRT37; KRT38; KRT75; KRT14; KRT6A; KRT6B; CAPNS1; KRT18; KRT8; IVL; CELA2A; KRT19; KRT16; KRT3; JUP; DSP; KRT15; KRT4; FLG; SPRR1B; SPRR2E; SPRR2D; TGM1; CASP14; SPRR1A; SPRR2A; KRT9; KRT20; KRT6C; KRT83; KRT85; KRT76; KRT17; DSG2; KRT33B; KRT32; KRT31; CDSN; PRSS8; KRT24; KRT71; LCE1A; LIPK; KRT39; SPINK6; RPTN; KRT74; KRT28; KRT27; KRT26; KRT25; DSG4; KRT35; EVPL; PERP; SPRR2F; SPRR2G; SPINK5; KRT84; KRT82; SPRR3; KLK12; KLK13; KLK5; PKP3;	GO:0070268~cornification	68	113	60.1769911504425	0.0334898340083006	0.883886407684671	1	1	0.99999999999997	0.99999999999997	1
up	STXBP3; TLR4; CDC42EP2; SYNCRIP; TLR2; ASS1; GAPDH; EDN1; GSN; VIM; CD58; CASP1; KIF5B; NOS2; DAPK1; AIF1; ACTR3; ACTR2; ACTG1; SIRPA; STXBP2; VAMP3; ZYX; VPS26B; RAB12; STXBP4; RAB7B; SLC26A6; RAB20; EVL; CCL20; CCL23; CCL1; CCL14; CCL15; GBP7; CCL26;	GO:0071346~cellular response to interferon-gamma	37	96	38.5416666666667	0.0335555244508651	0.713395437936504	1	1	0.999998153509366	0.999998153509366	1
up	PDE2A; FFAR3; ADCY3; PALM; ADCY5; EDN1; GNAI3; NPR3; GNAZ; S1PR1; FPR2; HTR1B; ADORA1; HTR1F; GNAL; OPRL1; CASR; P2RY1; GNAI1; AKAP12; ADCY1; LPAR1; MCHR1; INSL3; PSAP;	GO:0007193~adenylate cyclase-inhibiting G protein-coupled receptor signaling pathway	25	59	42.3728813559322	0.0340074789658885	0.713395437936504	1	1	0.999998153509366	0.999998153509366	1
up	PDE2A; WNT7A; APAF1; PDCD5; CILP; PENK; NR3C1; EDN1; CLEC3B; YES1; SOX5; PPM1A; ACVRL1; CRK; LIMS1; CX3CR1; DLX1; WNT4; MEF2C; POSTN; SCX; SFRP1; HDAC2; WNT10A;	GO:0071560~cellular response to transforming growth factor beta stimulus	24	56	42.8571428571429	0.034049052423082	0.713395437936504	1	1	0.999998153509366	0.999998153509366	1
up	SOCS3; MEFV; KLF4; ADA; IL2RA; GBA; KRT1; RB1; ALOX5; SAA1; ACP5; HGF; ETS1; TNFRSF1A; NFKB1; FPR2; CNR2; PTGER4; NLRP12; SIRPA; TNFAIP6; PRKCD; GPS2; NR1D2; ADIPOQ; CALCRL; FFAR4; GHSR; OTULIN; PBK; NLRP3; GPER1; FEM1A; C1QTNF3; WFDC1; PPARG;	GO:0050728~negative regulation of inflammatory response	36	93	38.7096774193548	0.0341090019935593	0.713395437936504	1	1	0.999998153509366	0.999998153509366	1
up	B4GALT5; EXTL3; MAN1A2; FUT4; MAN1A1; PSEN1; COG7; ST3GAL4; EXT1; ALG10B; FUT10; GCNT2; ST6GALNAC3; ST8SIA1; ST8SIA4; SDF2; ST6GALNAC5; B3GNT5; EDEM3; ST6GALNAC1; EXTL2; ST6GALNAC2; ALG5; B3GNT6; ALG1L2; B3GNT2; B3GNT3; B3GALNT1; B3GALT2; B3GNT7; B3GALT6; ST3GAL6; SERP2; ALG1L; B3GALT1;	GO:0006486~protein glycosylation	35	90	38.8888888888889	0.0346545624476965	0.713395437936504	1	1	0.999998153509366	0.999998153509366	1
down	BAG4; BAG3; CRYAB; HSP90AA1; HSP90AB1; HSPA1B; HSPA8; TPR; RPA2; DNAJB1; MAPK3; RPA1; HSPA1L; RPA3; NUP62; MTOR; MAPKAPK2; NUP153; RANBP2; GSK3B; NUP98; NUP107; YWHAE; HSF1; EP300; NUP160; ATM; ATR; CAMK2B; CAMK2G; CAMK2D; PTGES3; NUP188; CCAR2; NUP43; NUP133; HSPH1; CREBBP; SIRT1; SEH1L; POM121; DNAJC2; NUP88; DNAJC7; BAG1; NUP85; CHORDC1; HSPB8; CAMK2A;	GO:1900034~regulation of cellular response to heat	49	77	63.6363636363636	0.0349380857888077	0.883886407684671	1	1	0.99999999999997	0.99999999999997	1
up	ACAA1; ACSL1; ACOT2; CYP4F2; ACOX1; ACOT1; ACOT4; ABCD2; SLC27A5;	GO:0000038~very long-chain fatty acid metabolic process	9	14	64.2857142857143	0.0350044994895217	0.713395437936504	1	1	0.999998153509366	0.999998153509366	1
up	PICALM; TMED2; KIF13A; CTAGE4; CTAGE9; CTAGE15; CTAGE8; CTAGE3P; CTAGE6;	GO:0035459~vesicle cargo loading	9	14	64.2857142857143	0.0350044994895217	0.713395437936504	1	1	0.999998153509366	0.999998153509366	1
up	PIK3CD; LAT; CHGA; CBL; CPLX2; MILR1; MRGPRX2; S100A13; LAT2;	GO:0043303~mast cell degranulation	9	14	64.2857142857143	0.0350044994895217	0.713395437936504	1	1	0.999998153509366	0.999998153509366	1
up	MEIS2; MYC; ANXA3; EPHA2; P2RY1; CDC34; LUM; DUSP6; TBC1D7;	GO:0070848~response to growth factor	9	14	64.2857142857143	0.0350044994895217	0.713395437936504	1	1	0.999998153509366	0.999998153509366	1
up	PIK3CD; JAK2; F2; AGT; PDGFB; EPO; PDGFA; IGF1; LYN; FGR; FGFR1; OSM; HGF; HCLS1; EPOR; CBL; F2R; LEP; PIK3CB; NEDD4; TGFB2; IL18; ERBB4; ANGPT1; NTRK3; NTRK2; PIK3AP1; PIK3R5; MYDGF; GPER1; WNT16; NTRK1; PDGFC; IGF1R;	GO:0014068~positive regulation of phosphatidylinositol 3-kinase signaling	34	87	39.0804597701149	0.0351897512129533	0.713395437936504	1	1	0.999998153509366	0.999998153509366	1
up	RAD51B; MAFG; P2RX6; JAK2; F8; F2; F10; PLAU; SERPINC1; SERPINA1; IFNA21; HBD; FGA; FGB; F11; ITGB3; THBD; LYN; COL1A2; F7; PRKAR1A; F5; F3; PRKAR2A; ANXA8; CD59; PRKACA; RAB5A; PRKACG; F2R; FCER1G; GP5; CAPZA2; ENTPD1; GNAQ; RAB27A; RAC1; HBB; CYP4F2; GNA12; PLAUR; MMRN1; DOCK1; NFE2; SCUBE1; HDAC2; PHF21A; DTNBP1; P2RX4; LNPK; EHD1; CYP4F11; GP6; VPS45; EHD3; EHD2; SERPINA10; RCOR1; PROCR; PROZ;	GO:0007596~blood coagulation	60	171	35.0877192982456	0.0353085056207761	0.713395437936504	1	1	0.999998153509366	0.999998153509366	1
up	FANCG; SPAG6; RNF8; SOX30; RFX2; HSPA2; OCA2; NSUN2; DMC1; TRIP13; PTCHD3; ODF2; MEI1; DPY19L2; CEP57; SIX5; TDRD5; ACRBP; RSPH1; OSBP2; CCDC42; QKI; STRBP; BRIP1; RNF17; IQCG; MKKS; FSCN3; DDX25; UBE2J1; RIMBP3C; FAM9B; FAM9C;	GO:0007286~spermatid development	33	84	39.2857142857143	0.0357117664055583	0.713395437936504	1	1	0.999998153509366	0.999998153509366	1
up	ADCY3; RAMP1; RAMP3; ADCY5; GCG; VIP; PF4; PTHLH; TSHR; NME2; CALCR; ADM; GNAL; PTGIR; GLP1R; GALR1; PTH1R; ADCY1; CALCRL; ADGRF1; ADGRD1; ADM2; GPR65; GPR161; UCN2; GPHA2; GPER1; CALCB; TBXA2R; PTGER3; ADGRD2; ADGRE1; ADGRG5; PTGER4; ADGRE2; GNAQ; ADGRG3; ADGRG7; ADGRB1;	GO:0007189~adenylate cyclase-activating G protein-coupled receptor signaling pathway	39	103	37.8640776699029	0.0359595771081017	0.713395437936504	1	1	0.999998153509366	0.999998153509366	1
up	KIF1B; KIF4A; KIF11; CENPE; KIF5A; DYNC1I2; KIF22; DYNLRB2; KIF2C; KIF15; KIF26A; DNAH17; DNAH10; KIF20A; KIF14; KIF5B; KIF20B; DYNC1I1; DNAH9; KIF9; KIFC3; DNAH6; KIF25; KIF26B; KIF7; DNAH2; WDR63; WDR78; KIF13A; ACTR10; DYNC2H1; KIF24;	GO:0007018~microtubule-based movement	32	81	39.5061728395062	0.0362174073539764	0.713395437936504	1	1	0.999998153509366	0.999998153509366	1
up	TLR4; SDCBP; PJA2; FZD7; APP; SERPINF2; GADD45A; CCR7; LTBR; RASSF2; MAP3K10; STK3; PTK2B; SEMA3A; TPD52L1; TAOK1; SH3RF1; UNC5CL; MTURN; ZNF622; MAP3K5; HIPK2; EDA2R; TRPV4; TLR9; WNT16; MAPK8IP1; NOX1; DUSP22; WNT7B; WNT7A; TNFRSF19;	GO:0046330~positive regulation of JNK cascade	32	81	39.5061728395062	0.0362174073539764	0.713395437936504	1	1	0.999998153509366	0.999998153509366	1
up	CHRM5; CCKBR; NMU; SLC9A4; SLC26A7; SNX10;	GO:0001696~gastric acid secretion	6	7	85.7142857142857	0.0362695491249135	0.713395437936504	1	1	0.999998153509366	0.999998153509366	1
up	RBP4; CDON; HIPK1; PROX1; HIPK2; LRP6;	GO:0060059~embryonic retina morphogenesis in camera-type eye	6	7	85.7142857142857	0.0362695491249135	0.713395437936504	1	1	0.999998153509366	0.999998153509366	1
up	GBA; HPN; ANXA2; AKR1B1; SLC34A1; CAB39;	GO:0097066~response to thyroid hormone	6	7	85.7142857142857	0.0362695491249135	0.713395437936504	1	1	0.999998153509366	0.999998153509366	1
up	RAB5A; LRPAP1; RAB11A; CLTC; LRP1; PICALM;	GO:0150093~amyloid-beta clearance by transcytosis	6	7	85.7142857142857	0.0362695491249135	0.713395437936504	1	1	0.999998153509366	0.999998153509366	1
up	PSMD14; MSTN; PENK; RBP4; BGLAP; S100A8; CYP2E1; GSN; CD14; SPARC; G6PD; HPGD; CHRNB2; CNR1; TBXA2R; CBL; FECH; TNC; HTR1B; ADH6; DRD3; STAT3; LEP; HTR3A; RGS19; CLDN18; ACTR2; RHOA; SLC6A3; BIRC2; PTK2B; ADIPOQ; NTRK3; CDO1; AACS; SETD7; GGH; PEMT;	GO:0045471~response to ethanol	38	100	38	0.0366290617461434	0.713395437936504	1	1	0.999998153509366	0.999998153509366	1
up	ATP6V0E1; ATP2C2; SLC2A10; CYB5A; MT-CO2; MT-CO3; COX6C; COX7C; SLC9A1; ATP6V1B2; ATP6V1C1; COX7A1; COX7B; ATP6V1A; CLCN4; CLCN5; UCP3; ATP6V0D1; SLC9C1; SLC9B1; ATP6AP1L; SLC9A4; SLC4A10; TMCO3; COX8C; SLC4A11; SLC2A12; SLC9A6; ATP6V1G3; SLC46A1; NOX5; ATP6V0B; SLC17A5; SLC2A9; NDUFA4L2; SLC2A8; SLC9A2; SLC2A6; ATP6V1H; ATP6V0A2; ATP6V1D; SLC36A1; ATP1A3;	GO:1902600~proton transmembrane transport	43	116	37.0689655172414	0.0366889186116633	0.713395437936504	1	1	0.999998153509366	0.999998153509366	1
up	SOCS3; TNFSF11; PLA2G10; RNMT; KLF4; SPRY2; SYNGR1; MSC; ADAM23; EED; LRAT; MCF2; RARG; GLDC; SSTR1; CTH; RFX2; GCLM; VEGFC; HK2; CTBP2; TLE4; TRIM25; PCOLCE; EFHC2; RIF1; ILDR1; DTX1; NUP35; PDCD10; B3GNT2; WDR35; PCOLCE2; PADI2; MPC1; SNX10; SHMT1;	GO:1990830~cellular response to leukemia inhibitory factor	37	97	38.1443298969072	0.0372984151208102	0.713395437936504	1	1	0.999998153509366	0.999998153509366	1
up	APAF1; OGT; ACSL4; ACSL3; LDHA; ASS1; SERPINC1; PKM; ARSB; POR; IGFBP2; CNR1; TBXA2R; AHCY; SLC6A4; ACSL1; HMGCL; PPARG; GCLM; UCP3; ADIPOQ; SLC6A19; AACS; SFRP2; ABCG5; CCL28;	GO:0007584~response to nutrient	26	63	41.2698412698413	0.0386602515733404	0.713395437936504	1	1	0.999998153509366	0.999998153509366	1
up	SHMT1; SHMT2; CBS; PSPH; SRR;	GO:0006563~L-serine metabolic process	5	5	100	0.0386939233049725	0.713395437936504	1	1	0.999998153509366	0.999998153509366	1
up	BDNF; NFATC4; NTRK2; SLC9A6; RAPGEF2;	GO:0031547~brain-derived neurotrophic factor receptor signaling pathway	5	5	100	0.0386939233049725	0.713395437936504	1	1	0.999998153509366	0.999998153509366	1
up	MSH3; MSH2; MSH6; TCF7L2; AXIN2;	GO:0043570~maintenance of DNA repeat elements	5	5	100	0.0386939233049725	0.713395437936504	1	1	0.999998153509366	0.999998153509366	1
up	OXT; EDNRB; OXTR; P2RY1; VIP;	GO:0060406~positive regulation of penile erection	5	5	100	0.0386939233049725	0.713395437936504	1	1	0.999998153509366	0.999998153509366	1
up	CEBPB; NOTCH2; FGL1; RPS6KA1; PROX1;	GO:0072574~hepatocyte proliferation	5	5	100	0.0386939233049725	0.713395437936504	1	1	0.999998153509366	0.999998153509366	1
up	OGT; NGF; NTRK1; IGF1; GSN; IGF1R; FGFR1; NPR3; PTAFR; CA8; IRS1; PIK3CB; RHOA; NCS1; MUC5AC; PITPNM2; GAB2; INPP5F; PIK3C2A; PLCZ1; PI4KAP1; PIK3CD; PLCG1; PLCD3;	GO:0048015~phosphatidylinositol-mediated signaling	24	57	42.1052631578947	0.039098068602886	0.713395437936504	1	1	0.999998153509366	0.999998153509366	1
up	SDCBP; INHBA; BMP2; BMP4; TTK; BMPR1A; ACVRL1; GDF10; ACVR1; HFE; GDF7; GDF2; TGFB2; INHBE; MSTN; GDF15; LEFTY1; GDF3; LEFTY2; INHBC; GDF9;	GO:0010862~positive regulation of pathway-restricted SMAD protein phosphorylation	21	48	43.75	0.0391337345154413	0.713395437936504	1	1	0.999998153509366	0.999998153509366	1
up	KDELR3; SEC22B; KIF4A; ARF4; RAB6A; KDELR2; COPB2; NSF; PITPNB; KIF11; ARF3; COPZ1; RAB1A; COG7; CENPE; KIF5A; TMEM115; BNIP1; KIF22; TMED2; KIF2C; COG4; ARFGAP3; KIF15; USE1; STX18; KIF26A; TMED7; TMED3; RAB6C; ATP9A; ERGIC1; RAB41;	GO:0006890~retrograde vesicle-mediated transport, Golgi to endoplasmic reticulum	33	85	38.8235294117647	0.0399355944005421	0.713395437936504	1	1	0.999998153509366	0.999998153509366	1
down	CNOT1; PATL2; DDX3X; DAPK3; EIF4E2; TYMS; EIF4E; RARA; EIF2AK2; RPS3; IGFBP5; CALR; TIA1; EIF4A3; RPL13A; RGS2; TOB1; NANOS2; RACK1; YBX1; BTG2; PURA; ILF3; CIRBP; CAPRIN1; GRB7; LARP1; GIGYF2; XRN1; CPEB3; RNF139; NANOS1; TSC1; CELF1; PUS7; CELF4; PCIF1; LIN28A; INPP5E; IGF2BP1; CNOT2; PAIP2; CNOT10; FXR1; FXR2; FMR1; CNOT3; PAIP2B; SAMD4B;	GO:0017148~negative regulation of translation	49	78	62.8205128205128	0.0401866676204662	0.883886407684671	1	1	0.99999999999997	0.99999999999997	1
up	OPA1; SLC25A4; MPV17; MEF2A; SLC25A36; MGME1; AKT3; MSTO1;	GO:0000002~mitochondrial genome maintenance	8	12	66.6666666666667	0.0402619076834053	0.713395437936504	1	1	0.999998153509366	0.999998153509366	1
up	CHEK2; ABL1; GADD45A; CASP9; MAPK14; ATAD5; STK33; NBN;	GO:0042770~signal transduction in response to DNA damage	8	12	66.6666666666667	0.0402619076834053	0.713395437936504	1	1	0.999998153509366	0.999998153509366	1
down	EVPLL; LCE2B; AGPAT2; FOXN1; KRT34; SCEL; HLA-DRB1; KRT14; INSR; DSP; ATP2A2; KRT15; SPRR1B; SPRR2E; SPRR2D; KRTAP5-9; S100A7; CASP14; NTF4; SPRR1A; SPRR2A; KRT9; WAS; KLK7; YBX1; KRT83; KRT85; ELF3; ATP2C1; SATB1; BNC1; PPARA; LAMB3; LAMC2; KRT32; KRT31; CDSN; CST6; UGCG; LAMA3; ZNF750; GRHL2; EVPL; HOXB13; SPRR2F; SPRR2G; GRHL1; CALML5; SPRR3; KLK5; KRTDAP;	GO:0008544~epidermis development	51	82	62.1951219512195	0.0412708872118842	0.883886407684671	1	1	0.99999999999997	0.99999999999997	1
down	BHLHE40; PER2; HDAC3; CLOCK; PER1; ROCK2; CREB1; DRD4; SFPQ; PML; PPP1CC; HNF4A; MTOR; MAPK8; MAPK9; CSNK1D; CSNK1E; GSK3B; MAPK10; PRKAA2; PPP1CA; PPP1CB; PRKDC; CREM; UBE3A; PPARA; KLF10; NR1H3; HNRNPD; NONO; EZH2; DDB1; CRY2; CCAR2; USP9X; USP7; FBXW7; SPSB4; PPARGC1A; OPN4; MAGEL2; KDM2A;	GO:0042752~regulation of circadian rhythm	42	65	64.6153846153846	0.0413504470276503	0.883886407684671	1	1	0.99999999999997	0.99999999999997	1
up	CCRL2; CXCR6; ACKR2; GPR75; CXCR1; CXCR2; ACKR3; CCR1; CXCR5; CCR2; CCR10; CX3CR1; CCR6; FOXC1; GPR17; PTK2B; ACKR1; CMKLR1; CCL26; CCL23; CCL15; CCL1; CCL14; CXCL1; CCL20; CXCL6; PF4V1; PF4;	GO:0070098~chemokine-mediated signaling pathway	28	70	40	0.0429221509464796	0.713395437936504	1	1	0.999998153509366	0.999998153509366	1
up	RAB29; PPM1D; CFLAR; CUBN; UPK1B; LRAT; LY6G6C; LRG1; TF; CYP2E1; PYGL; GZMA; BMP2; FABP4; NOS2; CD79B; SLC11A1; GPC3; GPM6A; DEFB1; BNIP3; CHIT1; FKBP5; ADIPOQ; GKN2; BANK1; IL27; IFI44; KLHL6; FAM20A; RNF5; REG4; SLC17A5; STOX2; CA5B;	GO:0009617~response to bacterium	35	92	38.0434782608696	0.0429393077488853	0.713395437936504	1	1	0.999998153509366	0.999998153509366	1
up	HIP1; PIK3C2A; ARPC3; ARPC5; SYNJ1; LDLR; TGFA; CD4; TF; CLTB; CD3G; UBB; RALA; IGF2R; CFTR; IL7R; RAB5A; CBL; AVPR2; YWHAB; SFN; ARRB2; AMPH; AGFG1; CLTCL1; AP2S1; ACTB; ACTR3; ACTR2; YWHAG; YWHAZ; ACTG1; CLTC; FCHO2; PICALM; CTTN; DHCR24; ITSN1; VAMP3; LPCAT2; SYT9; REPS2; ARPC1A; STAM; HBEGF; SLC2A8; PACSIN2; SAR1B;	GO:0061024~membrane organization	48	134	35.8208955223881	0.0431331371134014	0.713395437936504	1	1	0.999998153509366	0.999998153509366	1
up	KDM6B; KLF4; TRPM2; IL18RAP; ABL1; MYB; ETS1; AQP1; PCGF2; PPP5C; SIRPA; LCN2; PAX2; PRKCD; BNIP3; PRKAA1; NFE2L2; HDAC2; PARK7; MAP3K5; ECT2; SPHK1; ZNF580; TRPC6; RIPK3; OSER1; ANXA1;	GO:0070301~cellular response to hydrogen peroxide	27	67	40.2985074626866	0.0434348856512341	0.713395437936504	1	1	0.999998153509366	0.999998153509366	1
up	PRMT5; CHEK1; TP73; NUAK1; HUS1; NBN; MTA2; MBD3; CHEK2; TP53; CDK2; BRCA1; RFC5; RPL5; TAF6; DNA2; BLM; RPL11; CSNK2A1; SSRP1; PRKAA1; TP53BP2; WRN; TAF5; TAF7; TAF12; MAPK14; RAD9B; HIPK1; TTC5; SETD9; ATRIP; TAF4B; HDAC2; KAT5; EHMT2; ZNF385A; BRIP1; HIPK2; TP63; MEAF6; KMT5A; PRKAG3; TPX2; EXO1; NOC2L; L3MBTL1;	GO:1901796~regulation of signal transduction by p53 class mediator	47	131	35.8778625954198	0.0441449630450699	0.713395437936504	1	1	0.999998153509366	0.999998153509366	1
down	SRRM4; ESPN; SLC9A3R1; BIRC5; PPIP5K2; TBX1; SNAI2; DIAPH1; WDR1; USH2A; CNTN5; LRIG2; EYA4; EML2; SOD1; COL1A1; COL2A1; MBP; ICAM1; TFAP2A; TH; GPX1; COL11A1; COL11A2; ATP6V1B1; PAX3; GJB2; GABRA5; SERPINB6; CASP3; SLC1A3; CDKN1B; POU3F4; KCNQ1; TIMM10; LRP2; ATP2B2; COL4A3; ROR1; POU4F2; GRM7; CRYM; ASIC2; CEACAM16; OTOGL; USH1G; TPRN; NIPBL; OTOG; PGAP1; OTOA; MYH14; FBXO11; CCDC50; MARVELD2; MYO3A; CEMIP; ADGRV1; PCDH15; EPYC; BARHL1; CDH23; SPTBN4; TRIOBP; SLITRK6; EPS8L2; ATP6V0A4; CABP2; SLC52A3; OTOR; CLIC5; WHRN; CHD7; P2RX2; FZD4; MYO6; CDC14A; TIMM9; NDUFB9; USH1C; USP53; MYO7B;	GO:0007605~sensory perception of sound	82	143	57.3426573426573	0.0442638326345313	0.883886407684671	1	1	0.99999999999997	0.99999999999997	1
up	SPTBN2; TBC1D4; PLIN3; RTN3; NSF; RAB38; RAB10; ACTR1A; RAB11A; RAB1A; SPIRE1; TBC1D8B; KIF5A; PICALM; RAB32; VAMP3; VPS33A; YIPF2; CECR2; OSBPL1A; VPS33B; ARFGAP3; TBC1D23; VTI1B; AP4E1; MAPK8IP1; MYO5A; YIPF1; HSPA2; KIF1B; HSPA1A; ARL14; AP2S1; ARL1; ARF3; GDI2; ARL11; ARF4; SYT3; GDI1; SYT6; CCZ1; AP4B1; SYT17; SYT8; ARL6; SYT15; ARF1; SYT9; ARL4D;	GO:0016192~vesicle-mediated transport	50	141	35.4609929078014	0.0447872099744455	0.713395437936504	1	1	0.999998153509366	0.999998153509366	1
up	CDK4; GADD45A; CCNC; CDC25A; CDC25C; SFN; BLM; CDKN2D; ACTB; CDKN3; PKMYT1; GTPBP4; CCNF; CCNJL; CCNA2; CCNE1; CCNB3; CCNI2; CCNJ; CCNE2; CCNO; CCNB1; CCNI;	GO:0000079~regulation of cyclin-dependent protein serine/threonine kinase activity	23	55	41.8181818181818	0.0449644789372963	0.713395437936504	1	1	0.999998153509366	0.999998153509366	1
up	PPIAL4C; FKBP9; PPIAL4G; PPIB; FKBP2; PPIA; FKBP1A; FKBP1B; FKBP3; FKBP8; PTPA; FKBP15; FKBP9P1; FKBP10; FKBP11; PPIAL4A; FKBP7; FKBP5; FKBP1C; PPIL3;	GO:0000413~protein peptidyl-prolyl isomerization	20	46	43.4782608695652	0.0452335145713789	0.713395437936504	1	1	0.999998153509366	0.999998153509366	1
up	ZBTB7B; MT-CO2; SERPINC1; PRL; VDR; NME1; OXTR; XDH; STAT5B; HK2; SLC6A3; DHODH; MTX1; ERBB4; CDO1; GPAT4; UPRT; SLC29A1; FOXB1; APLN;	GO:0007595~lactation	20	46	43.4782608695652	0.0452335145713789	0.713395437936504	1	1	0.999998153509366	0.999998153509366	1
up	CHL1; FAM107A; APP; CHRNB2; C5AR1; ADORA1; CHRNA7; SLC1A4; HOXA1; ST3GAL4; TUSC3; CYFIP1; OR52B4; RP9; JAKMIP1; TMPRSS11E; SHROOM4; GTF2A1L; SLC8A2; CHMP2B; HRH3;	GO:0050890~cognition	21	49	42.8571428571429	0.0452585190121595	0.713395437936504	1	1	0.999998153509366	0.999998153509366	1
up	VPS37C; WASH4P; VPS4B; RASSF9; UBB; ANXA8; RAB13; RAB10; PICALM; SNX17; AP5B1; ZFYVE16; VPS37D; CHMP7; SNX33; STAM; CHMP4C; ALS2; SNX18; TSG101; CHMP4B; MVB12B; VTA1; AP5S1; ARL8B; UBAP1; CORO1C; CHMP2B; CLEC16A; CALY; BLOC1S1; ANXA8L1;	GO:0016197~endosomal transport	32	83	38.5542168674699	0.0453076859209932	0.713395437936504	1	1	0.999998153509366	0.999998153509366	1
up	E2F3; PPM1D; POLR2D; MED6; ESRRB; ESR1; NR3C1; NR2F1; RARB; THRB; VDR; CDK4; NR2C1; RARG; CCNB1; ERCC2; ERCC3; RXRA; CCNC; GTF2E1; POLR2B; POLR2I; PPARG; YAP1; TAF6; RORC; POLR2J; GTF2A2; POLR2K; POLR2L; NOTCH2; RBPJ; NR5A1; GTF2H2; E2F2; NR1I3; NR1D2; NR0B2; TAF5; TAF7; TEAD2; TAF12; MED27; GTF2H5; ESR2; TAF4B; RORB; GTF2H4; NRBF2; MAML3; TEAD3; MED20; MED13; MED23; GTF2A1L; NR2E1;	GO:0006367~transcription initiation from RNA polymerase II promoter	56	161	34.7826086956522	0.0454807739619218	0.713395437936504	1	1	0.999998153509366	0.999998153509366	1
up	POR; PPARG; ACSM1; PRKAA1; ACOX1; ADIPOQ; MAPK14; CYGB; ADIPOR1;	GO:0019395~fatty acid oxidation	9	15	60	0.0459311300711895	0.713395437936504	1	1	0.999998153509366	0.999998153509366	1
up	DKC1; CCT6A; CCT5; CCT4; CCT2; SHQ1; NAF1; NOP10; NHP2;	GO:1904874~positive regulation of telomerase RNA localization to Cajal body	9	15	60	0.0459311300711895	0.713395437936504	1	1	0.999998153509366	0.999998153509366	1
up	MYC; PDGFB; FGF2; HGF; FGFR4; ARRB2; PTK2B; SMOC2; RGCC;	GO:2000573~positive regulation of DNA biosynthetic process	9	15	60	0.0459311300711895	0.713395437936504	1	1	0.999998153509366	0.999998153509366	1
up	WNT7A; ITGA5; COL5A1; ACVRL1; ADAM17; AJUBA; HBEGF;	GO:0035313~wound healing, spreading of epidermal cells	7	10	70	0.0461457240001131	0.713395437936504	1	1	0.999998153509366	0.999998153509366	1
up	FOXO3; EPO; GBA; EDN1; PTAFR; CPS1; GHSR;	GO:0071548~response to dexamethasone	7	10	70	0.0461457240001131	0.713395437936504	1	1	0.999998153509366	0.999998153509366	1
up	CALB1; BMP4; AKR1B1; AQP2; WNT7B; PKD1; PAX2;	GO:0072205~metanephric collecting duct development	7	10	70	0.0461457240001131	0.713395437936504	1	1	0.999998153509366	0.999998153509366	1
up	KCNK1; KCNAB3; KCNQ3; SLC24A1; HPN; KCNA2; KCNA5; AQP1; KCNJ2; KCNMA1; PKD2; KCNJ11; KCNJ8; KCNT1; KCNIP4; SLC24A5; KCNMB4; SLC24A4; KCNG3; TMEM38A; SLC24A3; KCNMB3; TMEM38B; TRPM5; PKD2L1; HCN2; KCNMB2; KCNV2; KCNG2; KCNS3; KCNK12; KCNN4; SLC9A4; KCNQ4; KCNK6; KCNK9; KCNA7; SLC9C1; SLC9A6; KCNC4; KCND3; SLC9A2; KCNH3; SLC9A1; KCNS2;	GO:0071805~potassium ion transmembrane transport	45	125	36	0.0462349084812927	0.713395437936504	1	1	0.999998153509366	0.999998153509366	1
up	LEFTY2; MSTN; SMAD6; GDF9; LEFTY1; FOS; TP53; COL1A2; FURIN; UBB; HPGD; CBL; ARRB2; BMPR1A; ACVRL1; PXN; GDF10; RHOA; TGFB2; TGFBR3; ACVR1; PRKCZ; ADAM9; LRRC32; LTBP2; ZYX; GCNT2; LTBP4; WFIKKN2; FERMT2; GDF15; HIPK2; NLK; USP15; DUSP22; AMHR2;	GO:0007179~transforming growth factor beta receptor signaling pathway	36	96	37.5	0.0466580103770829	0.713395437936504	1	1	0.999998153509366	0.999998153509366	1
up	MT-RNR1; WNT11; PDGFB; EPO; PRNP; ITGB3; DRD2; SLC11A1; NCKAP1L; TGFB2; PRKCD; KIF14; STRADA; GPRC5A; FGF13; STRADB; RGCC; ECT2; GPRC5B; TPX2; CAB39; RIPK3; MAP2K6; MAP2K3; MAP3K3; TAOK1; MAP4K4; SLK; MAP4K3; STK3; NEK1; STK26; OXSR1; MAP3K1; MAP4K1; PAK2;	GO:0032147~activation of protein kinase activity	36	96	37.5	0.0466580103770829	0.713395437936504	1	1	0.999998153509366	0.999998153509366	1
up	QSOX1; CYBB; TXN; NCF2; LPO; NOS3; NOS2; GLRX; SLC11A1; PDIA5; NCF4; NFE2L2; NXN; TXNDC11; TXNDC2; NME9; DNAJC10; TXNDC5; ERO1A; SH3BGRL3; TMX1; TXNRD2; GLRX2; TXNDC16; TXNRD1; PRDX6; PRDX3; PRDX1; GSR; PRDX5;	GO:0045454~cell redox homeostasis	30	77	38.961038961039	0.0468430959353174	0.713395437936504	1	1	0.999998153509366	0.999998153509366	1
up	TMEM8B; SDCBP; TP73; RNF40; RB1; IQGAP1; DYNLT3; PLK1; FOXG1; PIM3; NEK7; SRA1; ASAH2; THAP1; PAK2; NEK1; CKS2; STK26; MAP4K3; MAP4K4; MAP4K1; MAP2K3; STRADA; MAP3K1; STRADB; SLK; RPRM; STK3; CDC26; MAP2K6; OXSR1; TAOK1; RBL1; MAP3K3;	GO:0007346~regulation of mitotic cell cycle	34	90	37.7777777777778	0.0485438729501131	0.713395437936504	1	1	0.999998153509366	0.999998153509366	1
down	CASQ2; ATP2A1; ABCC9; NPPA; ATP1A1; ATP1B1; NPR1; ATP2A2; ATP2B1; RYR1; NPPC; ATP2B4; NOS1; CASQ1; SLC8A1; ATP1A2; NKX2-5; ATP1B3; FXYD2; SLC8A3; FXYD4; ATP2B2; DMPK; TRDN; STIM1; ATP1A4; ITPR2; ITPR3; ITPR1; FXYD3; RYR3; TNNI3K; TMEM65; ATP2A3; CORIN;	GO:1903779~regulation of cardiac conduction	35	53	66.0377358490566	0.0486927156993159	0.883886407684671	1	1	0.99999999999997	0.99999999999997	1
down	MAP2K7; MT-CYB; SOD1; CALCA; HSP90AA1; PIRT; NOS1; PKLR; CASQ1; DNAJA1; AKT1; CXCL12; GCLC; EIF2B2; P2RX3; SST; EIF2B5; IGFBP7; MICA; LRP11; TRPV3; DNAJA4; ABCC2; TP53INP1; DNAJA3; CPB2; CRNN; DNAJB4; EIF2B4;	GO:0009408~response to heat	29	42	69.0476190476191	0.04893072003955	0.883886407684671	1	1	0.99999999999997	0.99999999999997	1
up	UPK1A; UPK2; DNPH1; SULT1B1; UPK3A; UPK1B; PGK1; COL4A1; CTSB; GSTA1; GSTA2; LGALS3; ANXA7; PPARG; AKR1C2; TAGLN; ID3; AKR1C1; SIX1; GDF7; PTER; DHRS9; TOLLIP; FN3K; ACTL8; EHF; NEUROG3;	GO:0030855~epithelial cell differentiation	27	68	39.7058823529412	0.0489978148248338	0.713395437936504	1	1	0.999998153509366	0.999998153509366	1
down	IKBKB; DCLK1; MAPK13; MAP3K13; ROCK2; SRC; TDGF1; PRKCA; TAF1; RPS6KB1; GRK2; MAPK3; MARK3; AKT1; TGFBR2; PRKCI; MTOR; SYK; MAPK8; MAPK9; CSNK1A1; CSNK1D; MAPKAPK2; CSNK1E; CLK1; GSK3A; GSK3B; PRKX; DGKQ; SRPK2; CSNK1G2; PRKDC; PRKCE; STK4; MAPK7; ATM; ATR; CAMK2D; MORC3; GAS6; CDK5R1; PDK3; PRKD1; MAPKAPK3; LRRK2; RICTOR; MARK2; BRSK2; DCLK2; UHMK1; SMG1; TSSK1B; PRKD2; WNK1; CLSPN; PLK2; STK39; TBK1; CAMK2A; CSNK1G3; DYRK2; MAST1; LATS1; DMPK; TLK1; HIPK4; PRKY; MASTL; PRKCH; IKBKE; AKT2; MAST4; VRK1; PRKCB; DYRK1B; MAST2; MAPKAPK5; SGK1; PKN2; STK38; PDPK1; SGK2; MAST3; STK32A; DYRK3; VRK3; MKNK2; CSNK2A3; PKN1;	GO:0018105~peptidyl-serine phosphorylation	89	158	56.3291139240506	0.0490709199457006	0.883886407684671	1	1	0.99999999999997	0.99999999999997	1
up	RRP8; METTL18; FAM86B2; PNMT; COMT; AHCY; HNMT; GSTO1; GAMT; NSUN5P1; COQ5; SPOUT1; FAM86B1; SETD9; LRTOMT; MTR; PRDM12; METTL17; METTL7A; AS3MT; PRDM11; PRDM10; FAM86C1; MTRR; PEMT; TRMT112;	GO:0032259~methylation	26	65	40	0.0496531673300912	0.713395437936504	1	1	0.999998153509366	0.999998153509366	1
