DGE	Genes	Process~name	num_of_Genes	gene_group	percentage%	P-value	Benjamini and Hochberg (FDR)	Hommel singlewise process	Bonferroni single-step process	Hommel singlewise process_1	Hochberg step-up process	Benjamini and Yekutieli
down	RPL35A; RPS3; RPS12; RPL9; SRP14; RPS27; RPL27A; RPL29; SRP9; RPL37A; RPL37; RPS7; RPS8; RPS14; RPS18; RPS29; RPS13; RPS11; RPS6; RPL30; RPL31; RPL41; RPS27A; RPS21; RPL24; SEC63;	GO:0006614~SRP-dependent cotranslational protein targeting to membrane	26	89	29.2134831460674	1.14728749366466e-4	0.630434477768732	0.630434477768732	0.630434477768732	0.630434477768732	0.630434477768732	1
up	E2F8; NKX2-6; HELT; ARID3C; EFCAB7; TLR4; MEN1; SUPT5H; WWP2; WASL; MEIS1; NR5A2; DDX3X; NFIB; E2F3; KMT2D; MEIS2; IKBKB; PPP1R12A; ZNF609; KDM6B; CHUK; PLSCR1; OGT; SOX12; HDAC3; YY2; CLOCK; NKX2-8; MAFG; TET3; HOXC11; RIPK2; TBX1; FOXO3; NCK2; TCF21; TRIAP1; CHP2; TLX2; CREB3; AIRE; ZNF292; ZEB2; KDM1A; ZIC3; FOXD2; CCNT1; GREM1; TLR2; KPNA6; TBL1X; MITF; LRP5; PROP1; MAF; NR1I2; RPS6KA5; GCM2; STK16; KLF7; CCNK; PRPF6; NFAT5; ABLIM3; CAMTA2; SOX30; SPDEF; TNKS; YEATS4; FSTL3; NFATC1; ESRRB; IL33; DDX58; ECD; EOMES; ONECUT2; HAND1; ABL1; EGFR; MYC; HRAS; CGA; PTH; IGF2; IFNB1; IL1A; ESR1; RAF1; PLA2G1B; CD3D; WNT1; TP53; IGF1; IL4; SERPINE1; FGF1; IL6; JUN; TFAP2A; PGR; NPM1; DCN; HEXB; PFKM; MET; FGF4; NFIC; FGF2; HMGB1; WNT2; HOXB7; PARP1; UBB; UBC; SETSIP; GLI2; GLI3; MYBL2; RARA; CD28; EGR2; TOP2A; ESRRA; SRF; SKI; XRCC6; HOXD8; OSM; GTF2F2; HGF; IRF2; HCLS1; DRD2; HOXB2; HOXB1; POU2F1; ETS1; LIF; ETS2; MYOD1; FOSL2; TCF4; TCF3; CREB1; PPP3CB; EPCAM; JUNB; ENG; NELFE; ATF1; ATF4; ATF6; NCL; ELK1; TNFRSF1A; ERCC3; TFEB; TFE3; SLC9A1; RXRA; NFKB1; POU3F2; HOXA5; BCL3; IL11; TAF1; FGFR2; BMP6; USF1; NR4A1; ITGA6; SFPQ; MYF6; PAX7; PAX3; YY1; LMO2; LMO1; CD40; NFKBIA; HMGB2; ACVR2A; MAPK3; ARNT; PIK3R1; POU1F1; ELK4; TEAD1; SMARCA1; RBL1; ARID4A; HOXA7; HOXC13; AKT1; OTX1; OTX2; ELF1; GTF2H1; TNFSF8; CIITA; CTNNB1; GTF2F1; RORA; SOX18; ZNF76; BMPR1A; SREBF1; ZEB1; ETV5; ETV6; HNF4A; STAT1; STAT6; CDKN2B; NAMPT; P2RY1; CDX1; RFX3; RFX5; SOX9; NRIP1; HOXA1; CEBPA; CEBPD; FLT3LG; GSK3A; MEOX2; CSRP3; CDK7; CDK9; SMARCA2; SMARCA4; LUM; CCNH; MNAT1; GTF2A2; ZNF131; GBX2; CEBPG; PRRX1; NR1H2; UCN; MLLT10; MLLT6; FOXA1; FOXA3; PKNOX1; PAX9; HDAC4; CTBP2; SOX8; FOXL2; ACTR3; ACTR2; LMO4; HNRNPK; ESRRG; CNBP; PPP3R1; SUPT4H1; YBX1; RNF4; JAG1; PRKDC; ELF3; SMAD3; PKD1; FOXO4; HSF1; NFKB2; HNRNPU; FOXK2; MC1R; POU5F1; MEF2A; MEF2B; SP3; PAX5; IRF8; NHLH2; HHEX; CREM; HSF2; RELA; ACVR1; REL; UBE3A; GRIN1; RNASEL; EN1; EXOSC9; MEF2C; GABPA; GABPB1; PAX8; SOX4; FOXM1; DHX9; EP300; SREBF2; FOXO1; TFCP2; SMARCB1; POU4F2; NFIA; TP53BP1; FOXF1; FOXI1; RLF; NR1H3; FADD; MAP2K5; MAPK7; GPS2; NOG; NR5A1; ATM; SQSTM1; MED21; PIN1; RIPK1; HDAC1; PKD2; IRF5; SNW1; BMPR2; KLF5; RUNX2; NFYC; CAMK1; VEZF1; TFDP1; TFDP2; NFE2L1; HNF4G; GBX1; ZNF268; IHH; RRP1B; MEF2D; MTF1; MORF4L2; TNIP1; PRKD1; PPP2R5B; E2F5; NR6A1; RPS6KA1; SHH; SS18; TAF7; MED1; HMGN3; TWIST1; ALX1; NCOA1; SMAD2; USF2; ZFHX3; ZIC1; NFE2L2; E2F4; BATF; HLF; MAPK14; TAF9; HIF1A; BSX; GLYR1; CDON; ARID4B; DCAF6; ZC3H12A; SOHLH1; AKNAD1; UTF1; HES3; MLIP; CREB3L3; PLAG1; CAPRIN2; TET2; ZNF746; JMJD6; CDC73; CCDC62; FIGLA; DUX4L9; CRTC1; CREB3L2; BHLHA15; PTF1A; SETX; AKNA; STRA8; PCGF5; LDB1; NFE4; BCL9L; NLRC5; CARM1; METTL23; PPARGC1B; CREBRF; SIRT2; MAML2; PELP1; MYOCD; TTC5; AHI1; SIX5; SPIC; RNF10; PAF1; VGLL2; ZBTB38; GLIS1; GLIS3; ZMIZ2; FLCN; TET1; CTCFL; FEZF2; GRHL3; DOT1L; CREB3L4; LEO1; LMO7; CKAP2; PHIP; LPIN2; MAML1; HDAC2; CREBBP; EZH1; ATOH1; NEUROG1; COPS5; GATA6; SMARCC1; KAT5; LHX4; WBP2; E2F7; RGMA; DDRGK1; FUBP3; RAX2; ABHD14B; IFT74; TOX2; NLRP3; IL17F; RBM14; ZNF300; CITED4; SIN3A; TCF12; PARK7; EYA1; RIT2; ELF4; LITAF; NPAS2; SMO; ARID3A; ATF6B; CITED2; MESP1; OVOL2; PAGR1; IER2; HTATIP2; GATA5; GLIS2; BARHL1; TBL1XR1; FOXP3; WDR61; EGLN1; PEG3; WWTR1; BRD8; CSRNP2; IRF2BPL; NUCKS1; IL25; EPC1; DHX36; HIPK2; GSX1; RGCC; BCAS3; SMYD3; BCL2L12; PATZ1; BEX1; SENP2; CHD8; GCM1; IL23A; IL26; TCF7L2; RPRD1B; PRDM10; ASH1L; TLR9; SIRT7; CYTL1; SOHLH2; BARHL2; HOXC10; GRHL1; CALCOCO1; ZFAT; ONECUT1; ASH2L; DUX4; MLX; TBK1; MED13; ZNF639; KLF15; SIX4; CNOT7; LEF1; FOXD3; GDF2; POU2F3; PRDM4; AGO2; ELF5; INO80; ZMIZ1; MYO6; PLAGL1; ATP1B4; FOXJ3; RUVBL2; ATF5; THRAP3; KLF13; NR2E1; ZNF175; KDM3A; TRAF6; KLF12; NEUROG3; ZSCAN21; HEY1; MAFB; DMRT2; USP16; SOX21; GMEB1; CHCHD2; IKBKG; FOXO6; ZNF821; MGA; SOX13; TBX3; TBX19; LHX6; ZNF148; KAT6B; EBF3; HOXA3; CHCHD2P9; LHX1; LRP5L; TBX22; SETD3; CAMTA1; KDM1B; LAGE3; MAX; NKX1-1; HMGB4; STAT2; TCEA1; DLX5; TAF4; EBF4; RARB; SMARCA5; ATAD2; TBX18; PPARD; ZBED2; PPRC1; ZNF835; IKZF1; POU3F4; PAXBP1; CCDC160; ASXL3; THRA; NR2F1; MEOX1; DPF1; NKX6-2; SOX6; PROX2; GFI1; NCOA2; KAT8; LHX9; ZNF567; POU6F1; DR1; SS18L2; HOXB9; RELB; RXRG; KMT2C; SIM1; CDK13; RSF1; TAF1L; TNIP3; NFATC2; TEAD2; TAF9B; JUP; SS18L1; AHR; SSBP2; NKX2-4; ATAD2B; PHF10; SOX14; TBX21; DPF2; DPF3; ZNF462; ZNF691; NKX3-2; TAF4B;	GO:0045944~positive regulation of transcription by RNA polymerase II	641	1138	56.3268892794376	1.51100314578323e-4	0.757692527453	1	1	0.886813094492694	0.999794299610253	1
down	CHL1; FLRT2; OPHN1; NCAM1; BMP7; ANOS1; PAX6; RYK; WNT5A; RAP1GAP; ETV1; VLDLR; SEMA3B; SEMA3F; GAB1; NECTIN1; PTPRO; ARTN; UNC5A; ENAH; USP33; NR4A3; NEO1; ARX; SEMA3C; NTN4; ROBO2; PDLIM7; FEZ2; NRXN1; VSTM2L; MYPN; SEMA6C; KIF5C; EPHA4; LRTM2; LAMA1; EPHA2; EFNA1; UNC5C; DSCAML1; NEXN; NPTN; UNC5D;	GO:0007411~axon guidance	44	206	21.3592233009709	3.94888437165286e-4	0.723303987407749	1	1	0.965492823815963	0.999955229915182	1
up	HMX2; DPRX; HMX3; UNCX; VGLL3; FOXO6; LEUTX; ZNF487; ANHX; FOXE1; SAP18; CHD1; CHD2; ZNF609; TBX3; ZBTB22; OGT; SOX12; YY2; GSC2; CLOCK; THAP12; TBX1; MED7; FOXO3; TLX3; HTATSF1; RAD21; SMARCA5; KDM1A; ZNF354A; TBX19; ZBED4; TADA2A; CREG1; CIAO1; URI1; ACTL6B; CAMTA2; ALX3; MED26; SIX6; FSTL3; PTTG1; ACTL6A; EGFR; MYC; TGFA; CGA; ESR1; ERBB2; HMGN1; TFAP2A; PRKCB; NPM1; PFN1; HMGB1; ANXA4; HOXC6; RHOXF2B; CGB3; MYBL2; PRKAR1A; HSPD1; THRA; MYOD1; ZFX; ZSCAN20; JUNB; UBTF; HOXB6; ATF7; DDX5; ATF6; POU3F2; USF1; MYF6; ATP2B4; NFYB; BRD2; YY1; UCP1; HMGB2; HOXA6; HOXC12; FUS; AHR; ZNF76; SREBF1; ZEB1; CDKN1A; CUX1; SOX3; HNF4A; STAT6; NOP2; CRK; ZFP36L2; TAF6; MNX1; SMARCA2; SMARCA4; MNAT1; STAT2; DGKQ; CEBPG; SUB1; HIRA; VSX2; ZC3H6; RHOA; PSMC5; SUPT4H1; IRX5; SMAD3; HOXC5; TIAL1; FOXK2; POU5F1; MLLT1; PPARD; GLO1; GABPB1; DHX9; MESP2; TFCP2; SMARCB1; CHD3; TARBP1; HDAC1; CAMK2D; SNW1; NFYC; HLX; MED22; ELF2; NEDD8; MAPK14; LRRFIP1; ZBED5; KLF17; UTF1; DMRTA1; ZKSCAN2; USF3; ELP2; ADNP2; FOXR1; ATAD2; ASCL4; ZNF705A; NFXL1; TTC21B; NANOGNB; NFE4; ZBTB46; FOXP4; BBS7; DMRTC2; ZZZ3; RCOR2; TAF1L; TPRX1; JMY; THAP8; ZNF511; BHLHE23; BHLHE22; SNIP1; BBX; AHCTF1; NEUROG1; SMARCC1; SMARCD2; SMARCE1; ZNF653; ELP4; SMARCD1; ZNF414; LCOR; PKNOX2; DMRTB1; TRERF1; DMRTA2; TCF12; TSC22D3; LITAF; PRRX2; CITED1; VGLL1; THAP7; HTATIP2; PHF20; BRIP1; PBX4; GSX2; CTDSP1; BRD8; THAP2; NUCKS1; NEUROG2; ADNP; KDM4C; ZNF335; ZNF395; ELP3; SRA1; NEUROD4; UBN1; BRD7; ASCL3; TCF7L2; DMRT3; BAZ1A; CREBZF; MED9; ZNF446; SMARCAL1; CNOT2; VSX1; MED11; ZNFX1; RCOR3; MYEF2; RERE; KDM5B; GTF2IRD1; BAZ2B; BAZ1B; ZNF580; POU2F3; ZC3H4; TRAK1; DMTF1; MYRF; MED16; TSC22D4; USP16; MAGED1; HCFC2; SOX21; ELF1; CCNL2; RUVBL2; TADA2B; KLF7; HAND1; PIAS1; FOXD3; TCF24; ELK4; ZNF823; MED1; NFE2L1; GTF2H2; FOXA3; FOXE3; BRWD1; NHLH2; BATF; NR2F6; MTF1; SUPT5H; RUNX3; TSHZ2; SPDEF; SP9; MED13; LIN9; SLTM; ELF4; ARID4A; EPC1; FOXD4L1; HMGB4; FOSL2; VEZF1; TAF7; KLF13; ANKRA2; PIAS3; MED8; ZNF443; HIF1A; KLF16; ZNF563; FOXD4L3; ZMYM4; DBX1; ZIC5; ZNF833P; ZNF625; MED18; KLF8; ETV3; FOXL2; HNF1B; TCF7; TADA1; RFX5; RLF; ZIC2; FOXD4L5; DUXA; SUPT20HL2; NANOGP8; HNF4G; SUPT3H; KLF1; IFRD1; RFX7; FOXA1; KLF12; FOXD4L6; NFE2L2; ZNF433; TBL1X; SUPT20HL1; ZMYM5; GRHL3; RFX3; FOXD4L4; PIAS2; KLF18; ZMYM2; KLF9; DUX4L9; EN1; DBX2; NR2F1; MRGBP; IRF2BPL; BARHL2; NFE2; TADA3; BATF2; TFDP3; CCNH; FOXI2; ZNF292; KLF5; ZMYM3; BATF3; ZNF442; EGR2; TFDP1; PTF1A; CCNK; ZNF696; ETS1; FIGLA; TWIST1; TFDP2; GRHL1; RUNX2; KLF15; TBL1Y; ZIC3; GMEB2; MED31; TSHZ3; SPIC; BSX; BARHL1; FAM58BP; MED21; TCF21; RFX1; TAL2; CDX1; CDX2; NR2E1; NFKBID; GTF2E1; MEN1; TAF13; ATF5; NR2C1; CCNT1; DUXB; ETV5; SIM1; TWIST2; RXRG; GLIS2; ARID5B; ARID4B; VAX1; ATF4; SATB1; ZNF799; ETV6; ZMYM6; ELF5; MLX; DLX5; QRICH1; GABPA; MED13L; ZNF608; ZMIZ1; ERF; DUX4; PHIP; ZMIZ2; KLF11; ZNF700; GSX1; CCNL1; MSC; GMEB1; ZNF709; NR2F2; ZMYM1; ZNF44; SP3; ZIC1; LEF1; SP2; ELK1; TBL1XR1; FOXI1; NANOGP1; ZNF57; RXRA; ELF3; ETS2; FOXB2; FOXD2; FOXB1;	GO:0006357~regulation of transcription by RNA polymerase II	430	747	57.5635876840696	5.12172394435795e-4	0.819279017384249	1	1	0.97149043831434	0.999794299610253	1
down	SLC9A3R1; WNT9A; STRN; LRP4; VPS26A; LRP6; CPE; CCND1; RYK; WNT5A; PRKAA2; RPS27A; CSNK2B; DAB2; NDP; HIC1; KLHL12; TMEM170B; WLS; CTR9; TMEM88; RSPO2; SOSTDC1; ZBTB33; AMER3; RNF138; WNT2B; DACT3; BCL7B; ARL6; CXXC4; TNKS2; DACT1; FBXW11; ZNRF3; CTNND2; BTRC; AXIN2; VRK2; CSNK1G1; TCF7L1;	GO:0016055~Wnt signaling pathway	41	194	21.1340206185567	7.28004619176548e-4	0.72650805508618	1	1	0.999955229915182	0.999955229915182	1
down	CLIC1; CLDN4; SLC26A4; CFTR; GABRB3; SLC26A3; CASR; SLC1A3; GABRA2; GABRB2; SLC26A2; CLCN2; CLCN3; CLCNKA; CLCNKB; CLDN17; FXYD3; CLCA4; ANO4; ANO1; BEST4; TTYH1; PCYOX1; CLIC4; SLC12A1;	GO:1902476~chloride transmembrane transport	25	97	25.7731958762887	7.44295941113138e-4	0.72650805508618	1	1	0.999955229915182	0.999955229915182	1
up	TBKBP1; TAF4; IPO5; BIN1; DDX3X; PSMA7; IKBKB; XPO1; OGT; BUB1; SYNGR2; SGTA; CREB3; BNIP3L; NRP2; SYNCRIP; CCNT1; KIN; KDM4A; ANKRD17; EED; PRKRA; RFPL3; NUP155; AP1G2; ATG12; RTN3; SNAPIN; IPO7; AHSA1; TDP2; DDX58; C1QA; HLA-A; TP53; HSPB1; SLC25A5; CFI; KRT18; KRT8; NPM1; ASGR1; ASGR2; ANXA2; HSP90AA1; CFH; VIM; KRT19; HMGB1; CALM1; HLA-C; HSPD1; HSPA8; TOP1; PCNA; SLC25A4; TPR; SRC; UNG; HLA-E; FDPS; IL2RB; CREB1; ATF7; RCC1; TNFRSF1A; ERCC3; CCNA2; RAB6A; TAF1; CCL1; HNRNPA2B1; ACKR3; BRD2; PSMA3; PSMA4; NFKBIA; ZFP36; MAPK3; CANX; PIK3R1; PSMB8; PSMB5; MAPK1; RBL1; GTF2E1; SHC1; IL12A; CDC25C; IL2RG; YWHAB; FCGR2B; CTNNB1; APLNR; FLT3; LTBR; NUP62; STAT1; RANBP1; CBX5; IQGAP1; CXCL12; CD151; CAMLG; TUFM; CEBPA; NUP153; RANBP2; IRAK1; STAT2; GTF2A2; MSH6; NUP98; RAD23A; EIF4A1; ABCE1; PSME3; RHOA; HNRNPK; PPP1CA; YWHAE; RAN; RBX1; GRB2; SUMO1; SKP1; RACK1; UBE2I; FOXK1; GTF2B; HSF1; HNRNPU; MDM2; SET; SATB1; TAP2; RELA; UBXN1; UBE3A; C1QBP; BAX; KLC1; SSRP1; EP300; NUP160; DLG1; NFX1; IK; FADD; GPS2; G3BP1; SKP2; DYNC1I2; SERINC3; RIPK1; SNW1; CUL1; CUL2; CUL4A; DYRK1A; GTF2H2; CACNA1C; CDK13; IL16; MORC3; EIF4A2; TRIM25; FKBP8; BECN1; RRP1B; CUL7; EIF4H; TAF5; ITSN1; NFE2L2; MICB; MICA; SMU1; ZC3H12A; UBR4; MAGI3; RAET1L; RICTOR; CRTC1; ATF7IP; CENPU; SUPT6H; EIF3M; NUP54; WAPL; NLRX1; PACS2; CARM1; RAB11FIP4; TRIM22; ZNF683; KIAA0319L; RPTOR; RBM15B; PDZD8; NUP43; NUP37; NUP35; GADD45GIP1; DNAJB14; CHD6; NUP210; NUP133; SLC20A1; RSAD2; DDX1; NUP205; CREBBP; TANK; RAD50; UPF1; TNPO1; KAT5; USP7; FBXW7; DHX58; SEH1L; BICD1; PRMT6; FAM111A; NUP88; MAP3K5; GFI1; MXRA8; PAAF1; YIPF4; DERL1; HTATIP2; NUP58; NUP85; IFIH1; ULBP3; ULBP2; ULBP1; NLRP1; TRIM5; DERL2; AZI2; XPO5; APOBEC3G; PARD6A; UBN1; CD93; LMBRD1; UCKL1; DNAJB12; VAPA; CLEC1B; MDFIC; VPS29; NXF1; COPS7A; ZC3H7B; TBK1; NUP50; USP24; AP3M1; SAMHD1; TLN1; DCAF1; USP15; YTHDF2; SUPT16H; HCFC2; DYNC1LI1; IKBKG; WASF2;	GO:0016032~viral process	272	456	59.6491228070175	0.00121057430868066	0.819279017384249	1	1	0.991893397440373	0.999794299610253	1
up	IGKV1D-42; IGLV4-69; IGLV8-61; IGLV4-60; IGLV10-54; IGLV1-50; IGLV5-48; IGLV5-37; IGLV3-16; IGLV3-12; IGLV3-10; IGLV3-9; IGLV4-3; TRBV19; TRBV24-1; TRBV25-1; TRGV2; IGKV1-37; TRAV12-2; TRAV36DV7; TRAV23DV6; TRAV18; TRAJ3; IGLV5-45; TRAV30; TRAV27; TRAV9-2; TRAV26-1; TRBV16; TRBV18; IGKV2D-26; IGLV5-52; TRBJ2-6; IGLJ1; TRBJ2-7; TRBJ2-4; TRBJ2-5; TRBJ2-1; TRBV13; TRBV6-6; TRBV6-8; TRAV8-3; TRAV16; TRAV19; IGLV1-36; TRGV5; TRBV9; IGLV9-49; IGKV1D-43; TRBJ2-3; TRAV2; TRAV13-2; TRAV8-2; TRAV1-2; TRAV10; TRAV13-1; TRAV3; TRAV12-1; TRAV1-1; TRAV8-6; TRAV41; TRAV4; TRAV12-3; TRAV24; TRAV34; TRAV20; TRAV17; TRAV22; TRAV21; IGKV1D-13; TRBV12-4; TRGV8; IGKV3D-7; TRBV5-4; IGKV1-8; IGKV2-24; IGKV1-9; TRBJ1-3; TRBJ1-6; TRBJ1-4; TRBJ1-5; TRBV6-2; TRBV10-1; TRBV6-5; TRBV30; TRBV11-1; TRBV27; TRBV6-1; TRBV10-3; TRBV10-2; TRBV7-6; TRBV6-4; TRBV2; TRBV12-5; TRBV7-4; TRBV7-2; TRBV4-2; TRBV3-1; TRBV4-1; TRBV5-1; TRBV11-2; TRBV5-5; TRBV5-6; TRBV11-3; TRBV14; TRBV28; TRBV29-1; TRAV38-2DV8; TRDV2; TARM1; SH2D1B; RIPK2; JAK2; SH2D1A; LILRA1; PRDM1; EOMES; CD160; BCL10; HMHB1; JCHAIN; CD4; TRBV12-3; TRAV8-4; HLA-DQA2; FGA; FGB; TRGV3; TRGC2; ANXA1; CD3D; TRAV29DV5; ARG1; HLA-DQB2; PRKCB; CD1A; FYN; HLA-DOA; CTSL; CTSH; CD3G; TRGC1; IGHD1-1; IGKV1-13; TRAV35; IGKV1D-37; HLA-C; HLA-E; CD46; TFEB; TFE3; HLA-DPA1; CTSS; HLA-DMA; HLA-DMB; CD1B; CD1C; GPR183; CD86; NEDD4; JAK3; ARG2; TNFRSF17; TAP2; BTK; FGL1; SLAMF1; ALCAM; PTK2B; CAMK4; MICB; LAIR1; LILRA6; FBXO38; TRAT1; BTNL8; RNF19B; BTLA; VTCN1; NLRP10; CLEC10A; LAX1; ZNF683; THEMIS; LILRB4; TRPM4; CLEC4C; FCAMR; CLEC4D; TSC1; OTUB1; FCRL4; TNFRSF13C; DCLRE1C; PDCD1LG2; CRACR2A; JAM3; CD244; MCOLN1; CD209; SLAMF7; ERAP1; EIF2AK4; LAMP3; SIT1; IFNG; IFNA5; TEC; IFNB1; IFNA21; RAG1; IFNW1; IFNE;	GO:0002250~adaptive immune response	213	347	61.3832853025937	0.00143147276512645	0.819279017384249	1	1	0.993654134113502	0.999794299610253	1
down	RAB27B; RAB27A; EXPH5; SYTL4; VTA1; CHMP5; CHMP3;	GO:0071985~multivesicular body sorting pathway	7	11	63.6363636363636	0.0015052748181188	0.72650805508618	1	1	0.999955229915182	0.999955229915182	1
down	GCG; MTRNR2L5; FZD3; MTRNR2L9; MTRNR2L11; MTRNR2L3; MTRNR2L7; MTRNR2L13; MT-RNR2;	GO:1900118~negative regulation of execution phase of apoptosis	9	19	47.3684210526316	0.00158149402918772	0.72650805508618	1	1	0.999955229915182	0.999955229915182	1
up	FEZF1; FAM170A; PSMD9; TAF4; FOXE1; NR5A2; NFIB; DVL1; MAP2K7; MSTN; IKBKB; CEP290; ARHGEF11; CHUK; AXIN1; CLOCK; TGFB1I1; TBX1; FOXO3; AIRE; ZIC3; EDF1; TBL1X; MITF; FZD7; CAND2; SS18L1; LRP5; NR1I2; SUPT3H; TADA3; PIAS1; PIAS2; SEC14L2; BMP10; ZIC2; YEATS4; NFATC1; ESRRB; SNAI1; EOMES; BMP15; BCL10; CHEK2; EGFR; MYC; EGF; CD4; TF; ESR1; WNT1; TP53; IGF1; IL4; IL5; IL6; JUN; TFAP2A; INSR; NPM1; RET; FGF2; GLI2; GLI3; ZBTB48; RARA; EGR2; PIM1; CDH1; SRC; XRCC6; NCF1; ETS1; ETS2; TCF4; TCF3; CREB1; PPP3CB; ATF4; ELK1; TFEB; TFE3; NFKB1; CCNA2; BCL3; CAPN3; MDK; FGF7; IL10; NFYA; PAX3; NR2F2; CDK2; F2R; HMGB2; ARNT; POU1F1; TEAD1; SMARCA1; MAPK1; SHC1; KDM5A; AKT1; OTX2; ELF1; CIITA; CD80; CTNNB1; PHB; RORA; HNF1B; SOX18; PPM1A; AHR; MAP2K2; NUP62; VHL; HNF4A; CD86; STAT1; MAP2K3; RFX3; SOX9; NRIP1; LHX1; PSEN1; AGTR2; DNM2; CDK7; RORC; SMARCA2; SMARCA4; MECP2; NEK4; BLM; NR1H2; BRPF1; DLX5; HDAC4; WNT4; SOX8; FOXL2; PCBD1; PSMC5; ESRRG; CNBP; RAN; RNF4; ELF3; HMGN5; SMAD3; RHOG; FOXK1; ZXDA; FOXK2; XPC; ROR2; SP3; PPARD; RELA; ACVR1; MEF2C; PAX8; SOX4; FOXM1; EP300; FOXO1; MAP3K12; TP53BP1; ILF2; FOXF1; RLF; NR1H3; KLF1; UBE2V1; ILK; NFATC2; PICALM; HDAC1; RUNX3; NCOA4; RUNX2; SERTAD2; FHL2; FZD2; NOLC1; ATXN7L3; SHH; TEAD2; MED1; TRIP4; ALX1; ELF2; NCOA1; SMAD2; ZFHX3; ZIC1; CAMK4; NFE2; HIF1A; ZNF423; ZXDC; PCID2; RNF187; ZNF318; GDF6; HMBOX1; RGMB; JMJD6; ATAD2; ATF7IP; KDM7A; CREB3L2; PHF5A; GDF7; SETD3; RBM23; CASZ1; GPBP1; SFR1; IFNL1; YAF2; KMT2E; MYOCD; TAF1L; KDM8; RYBP; RNF10; BANP; IL31RA; CTCFL; ZNF398; ZFP90; SETD7; PHIP; KAT6B; ZNF516; ESR2; HDAC2; CREBBP; TAF15; GATA6; SMARCC1; KAT5; MED30; FUBP3; ZNF496; NSD1; TRERF1; CAMKK2; CDK5RAP2; RSF1; MMS19; DNAJC2; ELF4; CDX2; MAP3K5; SMAD5; HNRNPAB; NPAS2; CITED1; CITED2; HINFP; SOST; MESP1; ZKSCAN3; WAC; LGR4; NAA15; ZNF341; PBX4; GLIS2; TBL1XR1; FOXP3; PITHD1; NIF3L1; FGF23; ING2; EPC1; HIPK2; EBF3; TFB2M; TASP1; KAT8; ZNF287; GPBP1L1; CHD8; GCM1; BRD7; PRDM11; MDFIC; CALCOCO1; MED13; MAD2L2; SIX4; LEF1; GDF2; USP21; TBX21; FZD4; USP22; MAPRE3; ATF5; MYRF; MAP3K2; THRAP3; MED16; ZNF281; GRIP1; KDM3A; HEY1; MAFB; USP16; MAGED1; SNX5; SPIN1; NFYB; ZFHX2; PRDM9; DYRK1A; WBP2; NFE2L1; FEZF2; PRDM4; MYBL2; SS18; NFE2L2; SS18L2; NUP85;	GO:0045893~positive regulation of transcription, DNA-templated	329	570	57.719298245614	0.00188081683007568	0.819279017384249	1	1	0.995883249534001	0.999794299610253	1
up	E2F8; FEZF1; CNOT1; ZBTB42; MEN1; CBX4; SUPT5H; WWP2; FOXE1; WNT10B; BHLHE40; MEIS2; KLF11; XPO1; ZBTB5; ZNF536; TBX3; MDM4; ZBTB7B; HDAC3; FOXO3; TCF21; ZBTB14; ZEB2; KDM1A; MAFK; MSC; TBL1X; MITF; PROP1; ZNF217; MAF; HSBP1; USP2; PRDM1; ZNF189; KLF7; PIAS1; URI1; PHF14; DKK1; TRIM37; SOX30; ZNF202; SPDEF; SOX14; CBX6; KLF8; IL33; SNAI1; CBX7; EOMES; HAND1; MYC; PTH; IGF2; IFNG; HBZ; ESR1; TP53; TFAP2A; ELANE; NFIC; HMGB1; FBP1; PARP1; ZGLP1; UBB; UBC; GLI2; GLI3; NR2F6; NR2F1; FGFR1; ESRRA; SCGB1A1; PCNA; TPR; SKI; SKIL; NR2C1; HOXD8; IRF2; HCLS1; TRIM27; ETS2; EZR; TCF3; GCFC2; YBX3; HOXB8; DDX5; RXRA; NFKB1; FST; FGFR2; BMP6; HNRNPA2B1; SFPQ; NR2F2; EDNRB; CDK2; YY1; LMO1; DNMT1; ZFP36; RPL10; POU1F1; ELK4; PEX2; RBL1; KDM5A; HOXA7; HOXC8; FGF9; CIITA; CTNNB1; PCGF2; PHB; MSX2; HNF1B; SOX6; SOX18; PPM1A; TCF7; ZEB1; VHL; ETV3; ETV6; STAT1; STAT6; FRK; CBX5; FASLG; RFX5; SOX9; NRIP1; CEBPA; PSEN1; ERF; RORC; SMARCA2; SMARCA4; ZNF157; HDGF; ZNF136; ZNF140; ZNF131; PLK1; MAPK10; ATN1; PRRX1; FOXA1; HDAC4; GSC; PCBP3; FOXL2; UBE2D3; COPS2; MAX; PKIA; CNBP; RPL23; SUMO1; SUPT4H1; UBE2I; YBX1; IGBP1; NKX3-2; IRX1; BTG2; SARNP; SMAD3; FOXK1; ZBED6; RBM10; PURA; HSF1; HNRNPU; MDM2; FOXK2; SATB1; POU5F1; MEF2A; SP2; SP3; PAX5; IRF8; HHEX; CREM; PPARD; RELA; NOTCH2; TLE4; MXD1; EN1; MEF2C; GABPA; C1QBP; FOXM1; PPID; EP300; SREBF2; POU4F2; FOXF1; DLG1; NFX1; NR1H3; MAP2K5; GPS2; NOG; ZNF177; ORC2; NFATC2; SQSTM1; HDAC1; TDG; SNW1; CUL3; ACVR2B; RUNX3; KLF5; FHL2; MXD4; ZNF345; ZNF268; CBX2; POU6F1; ARID5B; DRAP1; TCEAL1; NR6A1; SHH; TAF7; TGIF1; NCOA2; MED1; TWIST1; ZNF174; ALX1; SMAD2; VPS72; ZFHX3; CRY1; RBBP7; ZNF239; LRRFIP1; SNAI3; ZNF568; PARP15; VAX1; ZBTB37; RIF1; MLIP; KANK2; WWC2; NIPBL; HMBOX1; ZNF746; CDC73; ATF7IP; AEBP2; KCTD1; MEPCE; CXXC5; OLIG3; JAZF1; CIR1; AEBP1; SIRT2; MYOCD; BCL6B; RYBP; WDTC1; NKAP; ZC3H8; ZBTB2; ESX1; EID2; PAF1; ZNF366; GLIS1; ZBTB34; CPEB3; GLIS3; MCPH1; FLCN; FEZF2; ZNF431; FNIP1; PPP1R13L; ESR2; HDAC2; DPF2; CREBBP; EZH1; N4BP2L2; JARID2; GATA6; KAT5; USP9X; E2F7; NACC2; THAP11; DNAJA3; AJUBA; PAWR; EHMT2; NSD1; PRMT6; HEXIM2; PURB; TRIB3; SIN3A; MNT; CDX2; GFI1; SMAD5; SMO; CITED2; HINFP; OVOL2; ZKSCAN3; ZNF692; DUSP26; KLF16; BACH2; GLIS2; TBL1XR1; FOXP3; NKX6-2; PEG3; WWTR1; SAP130; GZF1; BCL11A; IRF2BPL; EPC1; HIPK2; GSX1; SUV39H2; TRPV4; PATZ1; TAF9B; CBX8; ZBTB20; CHD8; HMX1; SCRT2; TCF7L2; KMT5A; PRDM6; PRDM5; BATF3; SIRT7; SMYD2; DUSP22; TENM2; THAP1; RLIM; CHCHD3; ZNF224; CNOT2; H2AFY2; ZBTB4; DNMT3B; MLX; TRPS1; DDX20; TAGLN3; MAD2L2; LEF1; FOXD3; PURG; HDAC9; TBX21; TCFL5; ZNF608; ZBTB21; HSF4; SUFU; TIMELESS; DICER1; ZNF148; PKIG; ZBTB1; ZNF281; ZBTB32; ZBTB12; STRAP; TBX22; ZNF175; DCAF1; LOXL2; TRAF6; KLF12; NEUROG3; HEY1; HCFC2; NCOR2; EID1; USP3; PIAS3; ZHX2; ID1; KDM1B; FOXO6; ZFHX2; NR2E1; CUX1; NFIA; ZNF8; FOXO1; CC2D1B; PAXBP1; ZNF835; SKOR1; MBD3L1; SREBF1; PROX2; NFKB2; DR1; FAM220A; FOXO4; RARA; MTF1; NFIB; HES4; REL; PRDM14; NR1I2; SOX8; CIC; EED; MECP2; ZNF296; MGA; ZHX3; ZNF567; TBX18; RELB; TBX19; ANKRD33; HES3; ATXN1; HES2; NR0B2; TBX1; RIPPLY1; E2F4; E2F5; ASCL3; MTA1; DNAJB5; RARB; NR1H2; JUN; E2F3; HBP1; HELT; ZNF691; ZFP90; MTA3; THRA; VRTN; LDB1; ASCL4; HOXB2; JUNB; GATAD2A; RIPPLY3;	GO:0000122~negative regulation of transcription by RNA polymerase II	471	847	55.6080283353011	0.00206693608337283	0.819279017384249	1	1	0.996435213127493	0.999794299610253	1
down	NDUFA4; MT-CO1; MT-CO2; MT-CO3; COX5B; COX6A1; COX4I1; COX7B; CYCS;	GO:0006123~mitochondrial electron transport, cytochrome c to oxygen	9	20	45	0.0020829485732381	0.72650805508618	1	1	0.999955229915182	0.999955229915182	1
down	MACROD2; KCNK3; NDUFS4; NEURL1; NKX2-2; UNC5C; ACSL3; CST3; ATXN1L; XRCC5; ARF4; ATP2B1; CD9; ACAT1; AK4; RGS2; RGS4; HNMT; OXCT1; UFM1; PPP3CA; ADCY1; PTCH1; SHROOM2; DSCAML1; CTTNBP2; PROX1; BCL2L2; ARL6; SYT4; ARNT2; ROBO2; PCDH18; RAB18; BAIAP2; ADGRG1; GRHL2; AMIGO3; AMIGO1; B3GNT5; ADGRL3; NNAT;	GO:0007420~brain development	42	217	19.3548387096774	0.00269345901905949	0.72650805508618	1	1	0.999955229915182	0.999955229915182	1
down	BMPR1B; USP9Y; SMAD7; SMAD9; BMP4; BMP7; EGR1; ACVRL1; UBE2D1; SMAD1; PDCD4; SOSTDC1; SLC39A5; DSG4; TWSG1; BMP8B; GDF10; BMP3; BMP5; LEFTY1; LEFTY2;	GO:0030509~BMP signaling pathway	21	85	24.7058823529412	0.00290851118640001	0.72650805508618	1	1	0.999955229915182	0.999955229915182	1
up	NKX2-6; CBX4; EEF2K; DDX3X; IKBKB; AURKA; AREL1; TBX3; MDM4; HDAC3; OGG1; SIAH2; RIPK2; LAMTOR5; SMAD6; TRIAP1; BNIP3L; GREM1; FCMR; PRAMEF10; PAGE4; PROP1; PIAS1; DKK1; TIAF1; BAG4; CLDN7; PRAMEF12; BAG3; MAP4K4; EGFR; MYC; GNRH1; AVP; ALB; LTF; CAT; RAF1; PROC; ANXA1; PRNP; WNT1; TP53; HSPB1; IGF1; IL4; SERPINB2; IL6; TFAP2A; KRT18; PTMA; CDK1; CEACAM5; NPM1; FABP1; CSF1R; IGF1R; ASNS; FGF4; HCK; ANXA5; ANXA4; PDGFRB; CTSH; IFI6; UBB; UBC; HSPA1A; HSPA1B; GLI2; GLI3; RARA; ARAF; BCL2; CD28; HSPD1; RARB; HSPA5; PIM1; SRC; UNG; TPT1; MIF; IL2RB; BRAF; NQO1; EPCAM; DPEP1; MGMT; SON; SLC9A1; NFKB1; AZU1; BCL3; CAPN3; RASA1; IL10; CFL1; PAX7; EDNRB; NFKBIA; RPL10; PIK3R1; DUSP1; SHC1; LTK; AQP1; PRDX3; CCND2; PPIF; NTSR1; DNAJA1; AKT1; AKT2; PRDX2; CTNNB1; MSX2; FLT4; NUP62; HSPA9; CDKN1A; VHL; ID1; CASP2; CDKN1B; IER3; SOX9; GCLC; COMP; PSEN1; GSK3B; SERPINB9; IRAK1; MNAT1; ARHGDIA; PLK1; DAPK1; AIF1; TMBIM6; UCN; BID; SOX8; PTEN; DAD1; HNRNPK; YWHAZ; NKX3-2; PRKDC; TMF1; HMGN5; SMAD3; LRP2; XIAP; TEK; PPARD; PLAUR; RELA; NOTCH2; GLO1; PTK2; PRKCZ; MCL1; FOXO1; BNIP2; NAIP; PRKAA1; DNAJC3; MAD2L1; DHRS2; CLN3; FOXE3; BIRC2; SQSTM1; RIPK1; HDAC1; FHL2; PTK2B; FKBP8; BECN1; ZNF268; IHH; KIF14; DHCR24; RPS6KA1; SHH; STIL; RGN; MED1; TWIST1; BCL2A1; TAF9; PCID2; PRAMEF19; PRAMEF20; PRAMEF17; PRAMEF18; PRAMEF15; CIAPIN1; ZFAND6; CDC73; DSTYK; SETX; RNF144B; VTCN1; AMIGO2; PIM3; TAX1BP1; ANKLE2; PALB2; ERC1; SUPV3L1; TEX11; AHI1; STK40; IL31RA; RHBDD1; SH3RF2; TWIST2; PHIP; RXFP2; MYO18A; HDAC2; ATOH1; COPS5; GATA6; FATE1; LHX4; PSMG2; BIRC7; APIP; DDRGK1; ITCH; USP47; ZNF830; SIN3A; YME1L1; PAFAH2; PARK7; PHB2; BARD1; CIB1; SMO; MYD88; CITED2; NAA38; MIEN1; PDCD10; HTATIP2; HIGD2A; FAIM2; SYCP2; NAA15; ANGPTL4; API5; NUAK2; ATG5; HIPK3; GOLPH3; PIDD1; TAF9B; AGO4; BCL2L10; CHST11; PRDM9; BIRC6; C8orf17; ATAD3A; HYPK; SPHK1; BFAR; SIX4; LEF1; PRELID1; ANGPT4; ATF5; NR2E1; TRAF6; TMEM14A; HGF; UBE2O; AXL; MAEA; UBE2Z;	GO:0043066~negative regulation of apoptotic process	283	489	57.8732106339468	0.00331889362707072	0.819279017384249	1	1	0.999794299610253	0.999794299610253	1
up	SYCE3; CDC7; WASL; UBE2C; NDC80; AURKA; ZW10; EPB41L2; PRC1; ZNF207; BUB1; RAD21; EVI5; CCNT1; BUB1B; CLASP2; RAB11FIP3; TACC1; KATNA1; CDC123; CCNK; HAUS5; ZWINT; TNKS; SMC2; LATS1; PTTG1; CHEK2; CDK1; GNAI3; CLTA; EPB41; RALB; CDK4; TPR; CCNB1; RCC1; CCNA2; CDK2; CCND2; WEE1; CDC25C; CETN2; NCAPD3; CSNK1A1; CENPF; LIG3; LIG4; CDK7; KNTC1; NEK3; NEK4; IST1; TERF1; ARPP19; BCAR1; ANAPC15; CKS1B; PPP1CA; ARF6; RAN; GNAI1; DYNLT1; UBE2I; TUBA1B; CCNA1; GPSM2; TXNL4A; CLTC; HNRNPU; PRKCE; CENPE; CENPC; NSUN2; CDC20; MAD2L1; ITGB3BP; CKAP5; DCTN1; DYNC1H1; BECN1; SMC1A; NUMA1; NCAPH; KIF14; SYCP1; MAPRE2; MAPRE1; UBE2S; PDS5A; ERCC6L; USP39; CDCA8; SGO2; CENPW; SGO1; FIGN; SPOUT1; PPP2R2D; CCSAP; SDE2; REEP3; PMF1; LLGL2; BORA; STOX1; MAEA; MICAL3; POGZ; CLASP1; HAUS6; WAPL; CNTRL; USP37; CUZD1; NCAPG2; ANKLE2; KIF18B; PHF13; SKA3; SIRT2; SMC5; DIS3L2; BOD1L2; SYCE1; SPICE1; STAG2; KIF2B; ANKRD53; SPC24; CCNY; PIK3C3; NUP43; NUP37; MPLKIP; NEK9; PARD3B; PPP1R1C; SKA2; CCNB3; AHCTF1; USP9X; TTC28; ARL8A; HAUS1; CCDC124; ANAPC16; SPDL1; SEH1L; CHFR; SENP5; BOD1; NSL1; ZFYVE19; MARK4; NSMCE2; CEP63; ZNF830; KIF20B; CDC6; CIB1; NCAPG; ANAPC13; MCMBP; KATNB1; SYCP2; PARD6B; MIS12; ANAPC1; TRIOBP; HAUS4; REEP4; ZWILCH; ACTR8; NEK6; CHMP1A; PARD6A; KMT5A; BIRC6; PDS5B; ARL8B; HAUS2; NDE1; ANAPC11; MIS18A; RCC2; KLHL9; KLHL42; KLHL13; MAD2L2; FBXL7; ANAPC5; ANAPC4; ANAPC2; FBXO5; INO80; ANAPC10; VPS4A; TIMELESS; MAPRE3; AURKC; SMC3; CTDP1; USP16; DYNC1LI1; MAU2; CDC27; CDC16;	GO:0051301~cell division	208	347	59.9423631123919	0.00354143584186895	0.819279017384249	1	1	0.999794299610253	0.999794299610253	1
up	HIP1; WASL; PIK3C2A; BIN1; HGS; GAK; SYNJ2; ARPC2; ARPC3; GNPAT; ARPC5; PIP5K1C; DNAJC6; STAM2; EPN2; EGFR; EGF; TGFA; AVP; CD4; MBP; TF; CD3D; CHRM2; CLTA; CD3G; UBB; UBC; HSPA8; IGF2R; IL7R; RAB5A; M6PR; SYT1; YWHAQ; YWHAB; SFN; ARRB2; AMPH; DNM2; AGFG1; CLTCL1; AP2S1; ARPC4; ACTB; ACTR3; ACTR2; YWHAG; YWHAE; GRB2; AP2B1; YWHAZ; ACTG1; LRP2; CLTC; OCRL; FCHO2; CLN3; PICALM; SCARB2; CTTN; DHCR24; TRIP10; ITSN1; VAMP3; SLC18A3; AAK1; CCDC88A; LDLRAP1; FNBP1L; EPGN; LPCAT2; SYT9; TBC1D1; SYT2; NECAP1; REPS2; ARPC1A; STAM; SH3KBP1; AP2M1; REPS1; SGCZ; CHP1; SGIP1; VAMP8; EPS15L1; FZD4; SNX9; EPN1; TMEM33; SAR1A;	GO:0061024~membrane organization	92	134	68.6567164179104	0.00358592686212567	0.819279017384249	1	1	0.999794299610253	0.999794299610253	1
down	SGK1; KCNK3; ABCC4; ATP8B1; ATP2C2; CYBB; GJA1; ATP2B1; RYR1; ATP6V1E1; SCNN1A; SCNN1B; CLCN2; CLCNKA; CLCNKB; ATP12A; ATP1B3; FKBP1B; ATP7A; SLC12A1; FXYD3; CLCA4; ASIC2; ANO4; ATP13A4; ANO1; TMC7; OSTM1; ATP6V0D2; NEDD4L; TTYH1; SGK2; ATP6V1D; NOX1; CHRNA10; CHRNA1; CHRNA5; GABRB3; GABRA2; GABRB2;	GO:0034220~ion transmembrane transport	40	208	19.2307692307692	0.00367668239714358	0.72650805508618	1	1	0.999955229915182	0.999955229915182	1
down	EIF1AY; EIF1B; EIF4E; RPL35A; RPS3; RPS12; RPL9; EIF1; RPS27; RPL27A; RPL29; RPL37A; RPL37; RPS7; RPS8; RPS14; RPS18; RPS29; RPS13; RPS11; RPS6; RPL30; RPL31; RPL41; RPS27A; RPS21; RPL24; EIF3L;	GO:0006413~translational initiation	28	130	21.5384615384615	0.00368998791812625	0.72650805508618	1	1	0.999955229915182	0.999955229915182	1
down	EXOC5; SLC9A3R1; ATP2C2; LRP6; TSPAN15; RAP2A; FLNA; EPHA2; ACTN2; ATP1B3; S100A10; STXBP1; RAB11A; RAP1A; ANK3; PTCH1; MAP7; WDR72; TMEM88; PIGW; ZDHHC23; DPP10; ZDHHC22; KCNB2; MYADM; CRB3; SYTL2; RAB15; RAB3D; RAB3C;	GO:0072659~protein localization to plasma membrane	30	144	20.8333333333333	0.00413694025560074	0.72650805508618	1	1	0.999955229915182	0.999955229915182	1
up	TNFRSF10A; HIP1; TRAF5; EBAG9; EI24; APAF1; MAP2K7; TNFRSF10B; KLF11; AREL1; PLSCR1; AXIN1; OGT; ALOX15B; SIAH2; DAPK3; RIPK2; TNFSF12; BCL2L11; TNFSF14; BUB1; TRIAP1; CD5L; GAS2; RAD21; PHLPP1; GREM1; BUB1B; TLR2; JAK2; NME6; STK17B; MFN2; TNFSF15; RTN3; GADD45G; TIAF1; AIFM1; LALBA; AVP; LTA; IFNG; IL1A; RAF1; ITGB2; PRKCB; CDK1; CEACAM5; VIL1; PAEP; CTSH; PARP1; IFI6; CGB3; CGB7; BCL2; IAPP; RALB; PIM1; GZMA; PRF1; NCF1; DPEP1; ERCC3; CSNK2A2; NFKB1; CAPN3; CDK11B; TNFAIP3; FGFR2; PAX3; DNASE1; NFKBIA; MAPK3; MAPK1; PRDX3; PPP2R1A; TIA1; ADRA1A; AHR; KRT20; CHI3L1; LTBR; TGFBR2; CASP2; NSG1; DCC; MAP2K4; IER3; LGALS7; FASLG; MCM2; COMP; TAF6; SERPINB9; NUDT2; TNFSF10; FXR1; GZMM; DAP; APLP1; BMX; RBM5; EFNA5; DAPK1; CTSC; CASP9; FAM3B; PTEN; CXCR4; UBE2D3; PSME3; DAD1; POLR2G; EIF5A; RACK1; PPP2CA; CSNK2A1; MAP3K9; TIAL1; MEF2A; PRKCE; PPARD; NOTCH2; PRKCD; MEF2C; C1QBP; BAX; PPID; EP300; FOXO1; AIMP1; TAF10; BNIP2; TIAM1; NAIP; TRAF1; PAK1; AIMP2; FADD; ITGB3BP; ROCK1; BIRC2; SQSTM1; RIPK1; TNFAIP1; C1D; DOCK1; PTK2B; FKBP8; BECN1; SEMA3A; MELK; RRP1B; CASP8; MEF2D; PEA15; PRKD1; RABEP1; DHCR24; RPS6KA1; TRADD; PDCD2; MAPK14; ZC3H12A; EMC4; MAGI3; KANK2; STEAP3; CIAPIN1; ZFAND6; XAF1; GRAMD4; GDF6; TMEM214; BRAT1; USP17L2; ADAMTSL4; DPP8; RASSF6; RRAGA; SHF; USP17L1; RNF144B; BNIPL; C6orf120; PEG10; ATG4D; PIM3; TAX1BP1; PACS2; RNF130; TMEM219; SIAH1; SULF1; CCAR1; MRPL41; DDIAS; GPR65; UNC5B; TNS4; BLID; RYBP; ZC3H8; NOA1; ZSWIM2; RHBDD1; SH3RF3; PPP1R13L; PDCD6IP; BCL7C; PHLDA1; CKAP2; CTNNBL1; RFFL; ELMO1; DPF1; DPF2; BAD; TNFRSF25; FATE1; RNF34; MUL1; ZDHHC16; SH3KBP1; IFI27L1; BIRC7; THOC1; APIP; PAWR; ITCH; ELMO2; KREMEN1; WDR92; NLRP3; BBC3; GSDMA; DLC1; GML; CIB1; MYD88; CITED1; MIEN1; HTATIP2; FAIM2; CDCA7; HINT2; CARD6; BCL2L13; CHIA; API5; NLRP1; PEG3; NUAK2; CSRNP2; ATG5; SEMA6A; SLK; CDIP1; GHITM; HIPK3; EGLN3; UBE2Z; AKTIP; ZMAT3; BCL2L12; PIDD1; RRAGC; NEK6; TRIM39; S100A14; SRA1; PTPRH; MRPS30; NGB; NLRC4; TIGAR; RTN4; PAK6; BIRC6; GLRX2; FAIM; SLTM; NLRP2; BCLAF1; MTCH1; BFAR; PAK5; GULP1; DUX4; MTFP1; STK17A; IL19; BCAP29; SAP30BP; PUF60; DAPK2; FEM1B; PLAGL1; BOK; FAF1; TRIM35; PRELID1; ZNF443; EPB41L3; SH3GLB1; PTRH2; TMEM14A; IKBKG; ATCAY; CASP14; CASP4; CASP6; CASP12;	GO:0006915~apoptotic process	314	552	56.8840579710145	0.00423668678049705	0.819279017384249	1	1	0.999794299610253	0.999794299610253	1
down	RPL35A; RPS3; RPS12; RPL9; RPS27; RPL27A; RPL29; RPL37A; RPL37; RPS7; RPS8; RPS14; RPS18; RPS29; RPS13; RPS11; RPS6; RPL30; RPL31; RPL41; RPS27A; RPS21; RPL24; NDC1;	GO:0019083~viral transcription	24	109	22.0183486238532	0.00540977766655582	0.72650805508618	1	1	0.999955229915182	0.999955229915182	1
down	IRF6; EREG; CDH13; PTCH1; SDR16C5; FERMT1;	GO:0043616~keratinocyte proliferation	6	11	54.5454545454545	0.00575579145915839	0.72650805508618	1	1	0.999955229915182	0.999955229915182	1
down	RPL35A; RPS3; RPS12; RPL9; EIF4A3; RPS27; RPL27A; RPL29; NCBP2; RPL37A; RPL37; RPS7; RPS8; RPS14; RPS18; RPS29; RPS13; RPS11; RPS6; RPL30; RPL31; RPL41; RPS27A; RPS21; RPL24;	GO:0000184~nuclear-transcribed mRNA catabolic process, nonsense-mediated decay	25	117	21.3675213675214	0.00635281013840305	0.72650805508618	1	1	0.999955229915182	0.999955229915182	1
down	SMAD7; NCK1; PDE4D; CNKSR3; PAQR3; GPD1L; MLXIPL; INPP5F; INPP5J;	GO:0033137~negative regulation of peptidyl-serine phosphorylation	9	25	36	0.00676003486463961	0.72650805508618	1	1	0.999955229915182	0.999955229915182	1
down	NDUFS4; CYCS; SDHAF4; SLC25A25; NR4A3; PPARGC1A; COQ10B;	GO:0045333~cellular respiration	7	17	41.1764705882353	0.00935556454709985	0.72650805508618	1	1	0.999955229915182	0.999955229915182	1
up	PLK4; STK25; ADAM10; RIOK3; IKBKB; AURKA; GAK; DCLK1; CHUK; PPM1D; PDPK1; IRAK2; MAP3K13; DAPK3; BUB1; PRKAB2; KALRN; CCNT1; BUB1B; JAK2; HUS1; ROCK2; CPNE3; ULK1; PRKRA; RPS6KA5; CCNK; TRIO; STK17B; OXSR1; MAP4K4; LATS1; CHEK2; ABL1; RAF1; ERBB2; PRKCB; INSR; FYN; CDK1; RET; RHO; HCK; SBK3; RARA; BCR; PIM1; FGFR1; PSKH1; CDK4; BRAF; MYOD1; PHKG2; NPR1; CREB1; PPP3CB; FER; PRKCA; PRKACA; ERCC3; NPR2; MAK; CDK11B; TAF1; PRKACG; CFL1; PRKCH; CDK2; MAPK3; PIK3R1; MAPK1; LTK; TYK2; CCND2; PRKAR1B; AKT1; GRK3; BMPR1A; TGFBR2; MAP3K8; PIK3CA; TEC; FRK; MAPK9; CSNK1A1; CSNK1D; CSNK1E; CLK2; CLK3; GSK3A; GSK3B; CDK9; IRAK1; BMX; MNAT1; NEK3; NEK4; JAK3; PLK1; DAPK1; LIMK2; MAPK10; PRKAG1; RIPK4; COPS2; TGFB2; YWHAZ; CSNK2A1; SRPK2; CSNK1G2; CCNA1; PRKDC; MAP3K9; PRKCE; GUCY2D; ACVR1; PRKCZ; PRKCD; RNASEL; BTK; ST3GAL1; AKAP13; MAP4K2; MAP3K12; MERTK; PRKAA1; PAK1; MAP3K1; PRKG2; PTK7; ATM; ILK; ROCK1; TNK1; SQSTM1; CAMK2G; CAMK2D; DYRK1A; RUNX3; PTK6; GTF2H2; PRKG1; CAMK1; MORC3; PTK2B; FASTK; FASTKD3; PDK2; PRKD1; STK11; CAMK4; MAP3K11; PDK4; MAPK6; PHKG1; DGUOK; AAK1; ADCK5; FASTKD1; TNNI3K; LRRK2; CCNJ; OBSCN; CDC42BPA; CDC42BPG; MAST2; PKN3; MEX3B; ERN2; MARK2; TAOK1; FASTKD5; STRADA; ADCK2; PXK; ALPK2; ADCK1; TLK2; PIM3; MYLK4; HIPK1; CCNJL; LMTK2; NIM1K; SCYL3; TAF1L; STK40; MINK1; CAMKK1; MLKL; PIK3C3; COQ8A; NEK9; STK35; NEK7; TBCK; PPP4R1; CCNB3; MAML1; DYRK2; RSRC1; MARK4; PSKH2; PASK; CAMKK2; TRIB3; TP53RK; P2RX7; COPS8; PKMYT1; MAP3K5; SMAD5; RIOK1; MKNK1; TSSK6; TSSK1B; STK31; EIF2A; STRADB; NUAK2; SIK2; HIPK2; HIPK3; WNK1; POMK; MKNK2; NEK6; BIRC6; FASTKD2; EIF2AK4; NLK; HCST; STK17A; PRKAG2; TBK1; DAPK2; TNIK; TLK1; MOK; AURKC; AKT3; SIK3; MAP3K2; WNK2; PRKAB1; MAP4K5; IRAK3; STK24; ATP23; CDK15; BMPR2; CDK19; PHKA2; RPS6KB2; CDK13; RPS6KA6; ACVR2B; MELK; RPS6KA1; BMP2K; ACVR2A; PHKB; CDK7; NRBP1; CDK16; AMHR2; CDK17; RPS6KA2; FAM20B; NRBP2; CDKL5; PEAK1;	GO:0006468~protein phosphorylation	272	482	56.4315352697095	0.00954807205620967	0.819279017384249	1	1	0.999794299610253	0.999794299610253	1
up	SFI1; PLK4; CEP290; NPHP4; OFD1; HAUS5; CEP152; PCNT; FGFR1OP; CDK1; HSP90AA1; PRKACA; PPP2R1A; CETN2; PAFAH1B1; CSNK1D; CSNK1E; PLK1; ACTR1A; YWHAG; YWHAE; TUBA4A; DYNC1I2; DCTN2; CKAP5; DCTN1; DYNC1H1; PCM1; MAPRE1; TCTN1; C2CD3; ODF2; TMEM67; CEP78; KIF24; CEP162; CEP135; RPGRIP1L; TTBK2; CLASP1; HAUS6; CNTRL; SDCCAG8; CEP57; CEP97; AHI1; CEP70; CEP76; ALMS1; FBF1; HAUS1; TCTN2; MARK4; CEP63; RAB3IP; CDK5RAP2; CEP89; AKAP9; CEP41; HAUS4; HAUS2; NDE1; TMEM216; CC2D2A; NINL; CEP83;	GO:0097711~ciliary basal body-plasma membrane docking	66	95	69.4736842105263	0.0101003580189255	0.819279017384249	1	1	0.999794299610253	0.999794299610253	1
up	TMEM129; UBE2QL1; KBTBD13; RNF103; WWP2; UBE2C; SOCS7; SOCS6; ENC1; UBE2L6; AREL1; SOCS1; RNF113A; PJA2; MED7; PEX10; CCDC22; PPP1R11; RNF40; SOCS5; PDCD6; FBXO24; MYCBP2; KLHL2; ARIH2; HERC2; BCL10; HLA-A; RAB40AL; FBXO45; UBB; UBC; PCNA; UCHL3; TRIM21; PEX2; AKT1; ARRB2; HIST1H2BB; VHL; USP5; NEDD4; CDC34; UBE2A; PEX5; PLK1; RAG2; UBE2G2; CDC42; UBE2D3; UBE2M; UBE2N; DCAF7; UBE2G1; UBE2D2; RBX1; SKP1; RACK1; PRKDC; XIAP; MDM2; CDC20; NFX1; TRIM32; MKRN3; MKRN4P; OS9; MED21; CUL1; CUL2; CUL3; CUL4A; CUL4B; TNFAIP1; CUL7; SHPRH; HERPUD1; LRRC41; MED1; HERC1; UBE2V2; NEDD8; NFE2L2; HIF1A; UBE2S; UVSSA; KCTD21; DCAF6; HERC4; HECTD3; UBR4; RNF220; RNF123; RNF43; KCTD11; SPOPL; SDE2; KLHL10; CDC73; RFWD3; KLHL17; KLHL24; TRIM72; UBR3; UBE2R2; CBLL1; RRAGA; DET1; BRAP; FBXO33; UBE2Q1; RNF130; RNF135; GID4; UBR1; AMN1; TRIM22; RNF168; UBE2J2; FBXW8; RNF175; KLHL36; WDTC1; TRIML2; PAF1; DTX3; TRIML1; WDSUB1; KCTD6; RNF169; ARRDC4; RNF214; DCAF11; DCAF4; LEO1; ZNRF4; LMO7; ASB5; ASB11; SOCS4; ASB10; ASB17; ASB13; MYLIP; KCTD13; PEX13; USP9X; USP7; FBXW7; RNF34; UBE2F; UBE2E3; FBXW5; MUL1; SPSB4; TRIM52; UBE2W; C18orf25; SPSB1; BIRC7; ANAPC16; RSPRY1; ASB9; NEURL3; TSPAN17; MED8; MED30; ITCH; VCPIP1; DCAF5; NEURL4; FEM1C; LRR1; TRIM47; KLHL15; RNF145; ASB16; UHRF2; RAB40C; CRBN; BARD1; FEM1A; UBAC1; WAC; DERL1; TRIM62; HERC2P3; RNF26; TRIM4; WDR61; WWTR1; BTBD1; RNF38; WWP1; IRF2BPL; ASB8; UBE2Z; RNF121; MAGEF1; SMURF1; TRIM39; UBE2T; JADE2; BIRC6; TULP4; RAD18; CISH; ATG3; DCAF13; RLIM; DCAF16; ANAPC11; MED11; KCMF1; RNF181; KLHL9; KLHL13; SAE1; RNF7; PEF1; FBXL17; KLHL3; HERC5; FBXL7; MID2; FEM1B; FBXO9; FBXO3; FBXL5; FBXO5; FBXO4; RNF24; DTX4; UBE2D4; NOSIP; MED31; FBXO7; DCAF1; ARIH1; ASB3; ASB1; RNF215; MGRN1; CHFR; CDC27; CDC16; MSL2; AMFR; PJA1; CAND2; RNF126; HECW2;	GO:0016567~protein ubiquitination	252	444	56.7567567567568	0.0101154241698324	0.819279017384249	1	1	0.999794299610253	0.999794299610253	1
down	HPN; KIT; COL11A1; ADGRV1; CHRNA10; WHRN;	GO:0050910~detection of mechanical stimulus involved in sensory perception of sound	6	13	46.1538461538462	0.0105168794362712	0.72650805508618	1	1	0.999955229915182	0.999955229915182	1
up	CNOT1; DPPA5; HACD1; ARVCF; ENC1; MRAS; AXIN1; RS1; SIAH2; PRICKLE3; RAD21; EDF1; DIAPH2; GCM2; CREG1; RECQL4; SPDEF; GADD45G; ARIH2; EYA4; ZMYM6; GNRH1; IGF2; PRM2; FGF1; PAEP; HOXB7; HOXC6; ZGLP1; PIM1; FGF3; BMP1; VCAN; OSM; HOXB2; HOXB1; LIF; ZNF3; ZNF7; MAK; FLG; RPS4Y1; HIST1H1T; LMO2; ACRV1; CRABP1; HOXC12; CUX1; LEPR; HOXA1; MEOX1; MEOX2; GATM; PLXNA3; AGFG1; FOXA3; RBM11; VSX2; HILS1; TPI1; NANOS2; DCAF7; PHC1; ELF3; FGD1; MC1R; TNFRSF17; CENPE; ZNF45; PAX5; CREM; NOTCH2; TLE1; CD164; TNP2; MCL1; FLII; ATR; CDK13; ZMYM3; DIP2A; HLX; ODF1; WTAP; TGIF1; ALX1; CSRP2; HLF; ZNF74; NFE2; DGKD; SPRED3; TSNAXIP1; TDRG1; CEP55; ODF2; ACSBG2; SOHLH1; SPDYA; ZC3H13; ERMARD; OBSCN; HHAT; ZMYM4; GGNBP1; TSHZ3; TMEM198; DIEXF; RNF43; KCTD11; TXNDC8; MCTP2; CCSAP; DPY19L2; FIGLA; TBPL2; SPESP1; SHISA2; CATSPERG; CBLL1; H1FNT; PIWIL3; SPATA19; ZSCAN2; ZAR1; LDB1; MORC1; TXNDC2; TXNRD3; SLC22A16; SPATA24; PAQR7; DZIP1; PLCZ1; ERC1; EGFL6; PHC2; GPR65; WDFY3; LTBP4; NME8; RYBP; MINK1; PDILT; BANP; TRIML1; BOLL; KDM1B; LSM14A; CATSPER1; VANGL1; SPATA20; MYCBPAP; FAT3; PAQR8; TWIST2; ASZ1; TCP11; EDARADD; DDX1; FAM3C; PHF3; DAZL; USP7; PTP4A1; CCDC120; PIWIL1; RADIL; TBATA; TRERF1; SLC26A8; KCTD15; STRBP; SORT1; MNT; TSNAX; PRRX2; APOL2; EBF4; JPH2; LSM14B; TSSK6; TSSK1B; SPATA16; HEMGN; TDRD1; RNF17; NXF2; NXF5; NKX2-4; PPDPF; EBF3; EDA2R; HMX1; DDX4; TSHZ2; OLFML3; SPATA6; SOHLH2; PAQR5; DSPP; BTBD7; POGK; DKK4; DUX4; PLEKHB1; GTF2IRD1; PLXNA1; ANGPTL2; TBX21; TCFL5; SPATA2; SUFU; PRELID1; DRG1; ZNF256; NOSIP; ADAM18; TBX22; TESMIN; RNF114; WIF1; SPIN1; CFAP20; TLL2; EPHB4; EPHB2; FLT1; FGFR2; EPHA5; NTRK3; RARB; MEF2D; TYRO3; CSF1R; CDH23; ZFX; ERBB2; ALK; CDH5; IGF1R; ROR2; INSR; FSTL3; FLT4; FGFR3; RET; PDGFRB; INSRR; MERTK; LMTK2; CDH8; RARA; MEF2C; BCL11A; BORCS8-MEF2B; FST; FSTL4; ZNF296; PTCD2; FSTL5; THRA; EGFR; MEF2A; ERBB3; NR1I2; MEF2B; EPHB6; FGFR1; AXL; LTK; FLT3; CDH7; FGFR4; CDH17; CDH1; CDK2; CDHR3; NR1H3; TEK; MET; CDH24; EPHB1; EPHB3; PPARD; NR1H2; CDH18;	GO:0007275~multicellular organism development	287	513	55.9454191033138	0.0107898852168997	0.819279017384249	1	1	0.999794299610253	0.999794299610253	1
up	SUMO1P1; CBX4; NUP155; PIAS1; PIAS2; EGR2; TPR; NUP62; RANGAP1; NUP153; RANBP2; NUP98; SUMO3; HDAC4; SUMO2; SUMO1; UBE2I; MDM2; NUP160; RNF212; NUP54; NUP43; NUP37; NUP35; TRPM4; NUP210; NUP133; NUP205; MUL1; SEH1L; SENP5; NSMCE2; EYA1; NUP88; NUP58; NUP85; IFIH1; SENP6; BCL11A; SENP2; KIAA1586; SAE1; UBA2; NUP50; ZNF451; PIAS3; ZMIZ2; RNF212B; ZMIZ1;	GO:0016925~protein sumoylation	49	66	74.2424242424242	0.0108743589826817	0.819279017384249	1	1	0.999794299610253	0.999794299610253	1
down	CA2; ARSB; GJA1; PAM; TTPA;	GO:0009268~response to pH	5	9	55.5555555555556	0.0110134482576987	0.72650805508618	1	1	0.999955229915182	0.999955229915182	1
down	FLNA; MARCKS; EPS8; BAIAP2; BAIAP2L2;	GO:0051764~actin crosslink formation	5	9	55.5555555555556	0.0110134482576987	0.72650805508618	1	1	0.999955229915182	0.999955229915182	1
up	E2F8; CNOT1; AURKA; MDM4; TRIAP1; CHEK2; TP53; CDK1; PCNA; CCNB1; CDK2; CDC25C; SFN; CDKN1A; CASP2; CDKN1B; RPL26; BTG2; CRADD; MDM2; SOX4; BAX; EP300; ATM; TFDP1; TFDP2; E2F4; CARM1; CNOT9; E2F7; CNOT6L; GML; ARID3A; PRMT1; TNKS1BP1; RGCC; PIDD1; GTSE1; CNOT2; CNOT7; CNOT11; CNOT6; PLAGL1;	GO:0006977~DNA damage response, signal transduction by p53 class mediator resulting in cell cycle arrest	43	56	76.7857142857143	0.0111641263351427	0.819279017384249	1	1	0.999794299610253	0.999794299610253	1
up	MAPK13; TRIAP1; KDM1A; N4BP1; MYC; TP53; EIF2S1; NPM1; PARP1; PCNA; ATF4; TAF1; YY1; PIK3R1; POLD1; AQP1; PTGS2; NEDD4; CASP9; RPL26; BAX; EP300; ATR; PTPRK; SDE2; METTL3; RHBDD1; COPS9; CREBBP; USP47; PBK; NSMCE3; USP28; RHNO1; DHX36; EIF2AK4; POLK; INO80; RUVBL2; ZBTB1;	GO:0034644~cellular response to UV	40	51	78.4313725490196	0.0111683984753235	0.819279017384249	1	1	0.999794299610253	0.999794299610253	1
up	WASL; DNM1L; KPNA3; MDM4; ZW10; GPAA1; PPIH; WIPF1; LPXN; MITF; CLDN14; JCHAIN; FGA; TP53; CDK1; VIL1; CD3G; LAMC1; SLC2A1; EPB41; CCNB1; IL2RB; CAPN3; CD40; MAPK3; TEAD1; GCHFR; PPP2R1A; GCH1; OTX2; ADD2; CAPG; CAPZA2; SOX9; KNTC1; MNAT1; CAPZA1; SH3BGR; BID; MAX; DLG4; FANCC; MDM2; DMTN; PPID; TRAF1; AIMP2; PICALM; PTK2B; OXA1L; LLGL1; TEAD2; VAMP3; OCLN; HFE; DET1; NFE4; RIMS1; REPS2; DLG5; NUP210; GEMIN5; CHCHD10; WASF1; CREBBP; MAGI1; RANBP9; NAPG; TUBGCP2; CARD10; NIFK; PARD6B; ADGRL4; IL1RAP; MDN1; MPP6; TUBGCP4; SLC24A2; ZNF148; NDUFAF1; SNX9; IKBKG; ST13; AFG3L2;	GO:0065003~protein-containing complex assembly	84	128	65.625	0.0115256365485477	0.819279017384249	1	1	0.999794299610253	0.999794299610253	1
up	DCDC2B; MYO9A; RASA4B; SDCBP; DDX3X; SH2B2; SOCS7; SOCS6; DVL1; DCLK1; SOCS1; PDPK1; PLXNB1; DAPK3; DCX; TRAF3IP2; KALRN; JAK2; DEPDC5; SOCS5; RPS6KA5; RGS9; STK17B; NFATC1; OXSR1; MAP4K4; PPP1R17; TGFA; PLA2G1B; ERBB2; HSPB1; FYN; CXCL1; PRKAR1A; SRC; HCLS1; CHN1; FER; STMN1; RASA1; DUSP1; TYK2; AKT1; GUCY1A2; CD80; ADRA1A; ANP32A; TEC; CRKL; RGS6; PSEN1; GSK3B; AGTR2; BLK; BMX; JAK3; CHN2; DAPK1; RAC3; YWHAE; RAC1; SRPK2; MC1R; GUCY2D; PRKCQ; BTK; ARHGEF5; MAP4K2; MAP3K12; SQSTM1; CAPS; ARHGEF7; FKBP8; PRKD1; SS18; SMAD2; MAPK14; RALGPS1; DGKK; LRRK2; DEPDC1; MAGI3; CDC42BPA; CDC42BPG; CSPG4; DNMBP; STAC2; MARK2; GPR155; CLNK; TLK2; RP1L1; LAX1; ARHGEF28; DEPDC4; DCLK2; PDZD8; PATJ; DEPTOR; DLG5; DEPDC1B; BLNK; ASB5; ASB11; SOCS4; CNKSR2; ASB10; ACOT11; ASB17; ASB13; ARHGAP45; SPSB4; ASB9; SIPA1; ASB16; DEPDC7; STAC; RIT2; MAP3K3; MKNK1; RACGAP1; SIK2; WNK1; ASB8; MKNK2; CD209; TREM1; ARHGEF4; CISH; SPHK1; NUDT4; SIRPG; NLK; STK17A; PRKAG2; DAPK2; AKAP11; TNIK; TLK1; CAB39; GRIP1; WNK2; PLEKHM1; RAPGEF2; MAP4K5; ASB4; ASB3; ASB1; ARFGEF2; WSB1; MOK; MAPK13; CAMKK1; MAST3; LATS1; RPS6KA2; PRKCA; DGKD; PKN3; DGKH; NRBP2; NRG4; DGKA; RPS6KA6; DGKG; NRBP1; CAMK4; RPS6KA1; STK32A; MARK4; MAST2; PRKCB; MAPK10; NRG1; PRKCZ; CCDC68; PASK; AKT2; MAPK7; MAPK1; NLRC5; NLRX1; PRKCH; IRAK3; NRG2; SH2B1; AKT3; PRKCE; MAPKAPK3; TSSK6; PDPK2P; MAPK3; PPP1R1C; NUAK2; TSSK1B; IRAK2; MAPKAPK5; MAPK9; DGKQ; SH3BP5L; MELK; PRKCD; DGKE; MAK; DGKI; MAPK6; RPS6KB2; PRKAA1; NIM1K; SIK3; SH2B3; IRAK1; MAPK12;	GO:0035556~intracellular signal transduction	213	371	57.4123989218329	0.0120765233522517	0.819279017384249	1	1	0.999794299610253	0.999794299610253	1
up	TAF4; PRMT5; AURKA; MDM4; PRKAB2; HUS1; RAD17; CHEK2; TP53; RPA2; CSNK2A2; TAF1; CDK2; AKT1; RPA3; RFC5; RFC3; NOP2; TAF6; DNA2; BLM; PRKAG1; BRPF1; CSNK2A1; MDM2; SSRP1; EP300; POU4F2; CHD3; TAF10; PRKAA1; ATM; PIN1; ATR; HDAC1; TP53BP2; BOP1; WRN; RRS1; CDK5R1; TAF5; TAF13; TAF7; STK11; TAF12; MAPK14; RBBP7; TAF9; HIPK1; MAPKAPK5; TAF1L; TTC5; JMY; BANP; SETD9; HIPK4; PPP1R13L; TOPBP1; DYRK2; TAF4B; HDAC2; TAF15; RAD50; KAT5; PPP1R13B; EHMT2; PRMT6; TP53RK; RAD9A; BARD1; RHNO1; PHF20; BRIP1; HIPK2; RPF2; MEAF6; TAF9B; BRD7; KMT5A; SMYD2; PAK1IP1; PRKAG2; EXO1; PRKAB1; SUPT16H;	GO:1901796~regulation of signal transduction by p53 class mediator	85	131	64.8854961832061	0.0134657696719849	0.819279017384249	1	1	0.999794299610253	0.999794299610253	1
up	SFI1; PLK4; WNT10B; AURKA; PPP1R12A; CEP290; PPM1D; OFD1; HAUS5; CEP152; PCNT; FGFR1OP; LATS1; CHEK2; CDK1; HSP90AA1; CCNB1; PRKACA; CCNA2; CDK2; PPP2R1A; WEE1; CDC25C; CDKN1A; CETN2; CDKN2B; PAFAH1B1; NES; CSNK1D; CSNK1E; DNM2; CDK7; CCNH; MNAT1; PLK1; ARPP19; ACTR1A; YWHAG; YWHAE; PPP2R2A; SKP1; TUBA4A; FOXM1; DYNC1I2; DCTN2; CUL1; CKAP5; DCTN1; DYNC1H1; MELK; PCM1; MAPRE1; ODF2; CEP78; CEP135; BORA; CLASP1; HAUS6; CNTRL; SDCCAG8; CEP57; KDM8; CCNY; CEP70; CEP76; ALMS1; PHLDA1; HAUS1; AJUBA; CEP63; CDK5RAP2; PKMYT1; AKAP9; CEP41; HAUS4; KAT14; HAUS2; NDE1; LCMT1; FBXL7; NINL; PPME1; USH1C; FBXL22; FBXL12; SKP2;	GO:0000086~G2/M transition of mitotic cell cycle	86	133	64.6616541353383	0.0137842958023954	0.819279017384249	1	1	0.999794299610253	0.999794299610253	1
down	EREG; BTC; ABL2; CDK6; PKN1; CADM4; HBEGF; SSX2IP; INPP5F;	GO:2000145~regulation of cell motility	9	29	31.0344827586207	0.0143663133532701	0.72650805508618	1	1	0.999955229915182	0.999955229915182	1
down	LDLR; APOA1; CFTR; MSR1; NPC2; ARV1; NPC1L1;	GO:0030301~cholesterol transport	7	19	36.8421052631579	0.0147795846862715	0.72650805508618	1	1	0.999955229915182	0.999955229915182	1
down	CLDN4; SLC9A3R1; HBB; SLC15A2;	GO:0070293~renal absorption	4	6	66.6666666666667	0.014820838525809	0.72650805508618	1	1	0.999955229915182	0.999955229915182	1
down	ABCC4; ABCB1; GJA1; ABCG2;	GO:0140115~export across plasma membrane	4	6	66.6666666666667	0.014820838525809	0.72650805508618	1	1	0.999955229915182	0.999955229915182	1
down	LRP6; RYK; WNT5A; FZD1;	GO:1904953~Wnt signaling pathway involved in midbrain dopaminergic neuron differentiation	4	6	66.6666666666667	0.014820838525809	0.72650805508618	1	1	0.999955229915182	0.999955229915182	1
up	TYW5; GPX6; TMEM189; C5orf63; NCF1B; SDR42E2; NCF1C; FADS2P1; KDM4E; PLOD2; CYB561D2; CCS; KDM6B; KMO; CYP27B1; TXNL1; HR; KDM1A; FADS1; FMO6P; PHF2; KDM4A; ALOX12B; GPX5; CBR3; SC5D; BBOX1; ALDH1A2; DUS4L; CRYZL1; AIFM1; FADS2; CH25H; ALDH1A1; GLUD1; DHFR; CYB5R3; PAH; SOD1; F8; HMGCR; CYP1A1; CYP17A1; CYP1A2; LIPF; UQCRH; SOD3; CYP3A4; FTH1P19; DHRS4L1; CYP2D6; ACADM; MTHFD1; EPX; BCKDHA; IFI30; CYBA; CYP4B1; P4HA1; TYR; UQCRB; HPGD; CYP11B1; NQO1; POR; CYP11B2; AOC1; NCF2; CYP2B6; IMPDH1; MAOA; BCKDHB; LPO; CYP7A1; PTGS1; TBXAS1; APEX1; ACADL; HSD11B1; KDM5A; NOS3; PDIA3; SRD5A2; RRM2; FMO4; FMO3; UQCRC1; HIBADH; PRDX2; PYCR1; SPR; PTGS2; HSD17B3; ADH7; AKR1C3; MTHFR; ALDH3B1; ALDH3B2; TDO2; ALDH9A1; GLUD2; DIO1; ALDH3A2; HCCS; ALDH18A1; GFER; CTBP2; SESN3; NLRP11; PCBD1; CYP4F2; HSD11B2; ALDH6A1; BDH1; AKR1C1; CYP24A1; CRYZ; LOXL1; DPYD; PRDX4; SELENBP1; DHRS2; KCNAB2; SQLE; PDIA5; LBR; PTGR1; OXA1L; NCF4; PDIA6; DHCR24; JMJD1C; NSDHL; MSMO1; ENOX2; ME3; AOC3; CDO1; P3H1; GFOD2; HSDL1; ALDH1L2; GLYR1; CYP27C1; TECRL; PHYHD1; AKR1C8P; RSBN1; TXNDC8; KDM4D; TTC19; DHRS7B; CYB5RL; HEPHL1; OGFOD2; TYW1B; RETSAT; DNAJC24; IYD; OGFOD3; PAOX; MOXD1; DHRS13; LDHAL6A; KDM7A; FRRS1; IDO2; COX15; CYB5R4; FA2H; KDM3B; RRM2B; MICAL3; SCD5; LOXHD1; FOXRED2; ADHFE1; MSRB3; VKORC1L1; CYP4X1; KDM8; D2HGDH; FTMT; ZADH2; CBR4; OGFOD1; PTGR2; CYB561D1; KDM1B; CYB561A3; HSD17B11; SCCPDH; PDPR; CHDH; SDR9C7; RDH11; ENOX1; GPX8; PYROXD1; STAB2; HSD17B8; PXDN; RDH5; DIO2; HGD; KIAA1191; ALKBH8; PYCR2; HSPBAP1; HPDL; FAXDC2; AKR1E2; FAR2; COX4I2; AIFM3; GPX7; ADO; VAT1; SDHC; HSD17B10; TXN2; COQ7; HSD17B14; VKORC1; HEPH; TXNDC17; ALKBH7; HTATIP2; ADI1; HIGD2A; PECR; KDM5D; SRXN1; BCO2; LDHAL6B; EGLN1; TMX4; ALDH8A1; KDM4C; EGLN3; L2HGDH; RSAD1; BCO1; RDH14; CYP4F11; TXNRD2; NOX4; GPHN; CYP26B1; DUOX1; TYW1; TMLHE; HIF1AN; GFOD1; P4HTM; STAB1; RDH8; TECR; MSRB1; PIPOX; GMPR2; DHCR7; GRHPR; AASS; KDM5B; CYB5R1; MSRA; ACAD8; SARDH; CYP8B1; GSTK1; CRYL1; COQ6; DHRS7; KDM3A; MMACHC; FADS3; SESN1; CYP2U1; CYP2J2; CYP2D7; CYP2A13; CYP2R1; CYP2A6; CYP26A1; STEAP4; STEAP3; CYP51A1; STEAP2; GSTO1; NOX3;	GO:0055114~oxidation-reduction process	291	526	55.3231939163498	0.0150936654951881	0.819279017384249	1	1	0.999794299610253	0.999794299610253	1
down	LRP4; NRXN2; NRXN1; NLGN4Y; NLGN4X;	GO:0097104~postsynaptic membrane assembly	5	10	50	0.0151224186228796	0.72650805508618	1	1	0.999955229915182	0.999955229915182	1
down	CHMP4C; TSG101; CHMP4B; VPS37B; CHMP3;	GO:1902188~positive regulation of viral release from host cell	5	10	50	0.0151224186228796	0.72650805508618	1	1	0.999955229915182	0.999955229915182	1
up	LRRD1; CCL24; GTPBP1; TNFRSF10A; TRAF5; STK25; SH2B2; PLPP1; NRG2; PTPRT; CXCL11; IRS4; MAP2K7; NRP1; TAAR5; HGS; PPP1R12A; CLIC2; OGT; CAPN5; CLOCK; PLXNB1; RIPK2; THAP12; TNFSF12; TNFSF14; AKAP10; PSTPIP1; NCK2; PRKAB2; KALRN; ADCY3; ADCY9; GREM1; TLR2; GFRA3; JAK2; LPXN; HPGDS; NPHP4; PEX11A; FLNB; ULK1; NR1I2; TOM1L1; BCAR3; TNFSF13; RASSF9; NCR1; PDE9A; NFAT5; FAM13A; DIRAS1; TNFSF15; RASGRP1; IPO7; CNIH1; PCNT; CXCL14; GUCA1C; PEX11B; ACTL6A; EGFR; LALBA; HRAS; EGF; TGFA; GNRH1; AVP; LHB; GAST; LTA; ESR1; OPN1LW; RAF1; PLA2G1B; ANXA1; ERBB2; RLN1; IGF1; FGF1; REG1A; PRKCB; PGR; S100A6; NPM1; CRH; CSF1R; GRP; RET; IGF1R; CHRM4; MET; FGF4; ANXA5; IGFBP1; FGF2; CXCL1; ANXA4; PDGFRB; ADORA3; CGB3; CGB7; CALCB; RARA; NR2F6; NR2F1; RARB; IAPP; RALB; BCR; FGF3; SCGB1A1; IGF2R; CDK4; FCGR1A; SRC; CCL4; BMP1; IL2RB; RAC2; CREB1; PPP3CB; IL7R; STMN1; CHRNB2; ATF6; EPOR; TYMP; CHRM3; TRH; OGN; NTF3; RASA1; MDK; FGF7; ERBB3; CCL1; IGFBP4; NR4A1; MCC; CRHBP; NR2F2; PRKCH; EDNRA; CNTFR; PDE4A; ITPKB; MAPK1; GRN; PTPRM; CD34; TNFRSF8; CRABP2; LTK; CRABP1; GNA11; AXL; LRPAP1; SRI; GDI1; FGF9; AKT1; AKT2; IL2RG; SFN; S100A11; FCGR2B; CHRNA3; CSF2RB; LSP1; GUCY1A2; PHB; ADRA1A; FBN1; GRK3; CHRNA7; ARR3; GNL1; LTBR; COL15A1; ADCY8; NBL1; VIPR2; STAT6; GRIA1; GRIA2; PIK3CB; CXCL5; RANBP1; NAMPT; MAP2K4; RANGAP1; MAP2K3; IQGAP1; OMP; OR1E2; OR3A2; XCL1; FASLG; CXCL12; SOX9; CSNK1A1; CAMLG; INPP1; DGKG; CSNK1E; FLT3LG; GDI2; DNM2; TNFSF10; CLCN6; GPR143; BMX; HDGF; TDGF1P3; VAV2; MAPK12; MAPK10; PRKAG1; GEM; MANF; AFDN; GFER; TPTE; P2RX3; SOX8; FAM3B; NLRP12; COPS2; RAP2B; GNG11; HNRNPK; GNB1; YWHAZ; GNGT1; GNG5; CSNK2A1; SH3BP2; IGBP1; DLG4; CNTNAP1; CSNK1G2; CCL20; CXCL6; FGD1; MPP1; CD83; CAP1; OCRL; ROR2; PRKCE; TNFRSF17; TEK; CREM; PLAUR; TLE1; TLE2; TLE3; CD164; PRKCZ; PRKCD; TYRO3; RGS1; LGALS3BP; BST1; AIMP1; PRKAA1; PPFIA1; MAP2K5; MAPK7; PRKG2; PTK7; ATM; MTA1; ITGB3BP; PPP2R5C; PDAP1; TMED1; ROCK1; IL18R1; NAE1; ITPK1; IQGAP2; OR2F1; TP53BP2; ACVR2B; ALCAM; PRKG1; CAMK1; ARHGEF7; DOCK1; DIAPH2-AS1; PTK2B; GNA13; FGFBP1; ITPR2; INSL4; ITPR1; PPP2R5D; ARHGAP19; SNX17; PRKD1; PPP2R5A; PTGES3; PTPRK; RABEP1; RASA2; RPS6KA2; TLR1; RSU1; RPS6KA1; TRADD; TRIP10; NFKBIB; CD226; CNGA3; EXT1; PPP2R5E; MAPK14; CAMK4; MAPKAPK3; MAPK6; CCL15; HIF1A; MIA; DGKD; TXNRD1; ARHGAP11B; ANKDD1A; ERFE; ARHGAP15; AKAP4; ARHGAP21; ARHGAP40; RASIP1; METRNL; SIGIRR; TENM4; RGMB; ARHGAP11A; PKN3; TRAT1; SARM1; RASL11A; EPGN; ENHO; LMBR1L; VSTM1; ANGPTL8; DTHD1; RASSF6; ARHGAP27; TOM1L2; SYDE1; RAPH1; RASGRP2; ZFYVE16; PLEKHH3; RASSF3; THNSL2; MAPKAPK5; ARHGAP12; REM2; ULK2; CMTM1; RTKN2; LILRA2; ARHGAP24; FNDC5; LILRB4; RASSF8; IL17D; STOML3; CMTM2; RIN3; DLG5; PPP4R1; GRK7; TGFBRAP1; SECTM1; ARAP2; FAM3C; NSMAF; NRGN; ESR2; STAM; CREBBP; TANK; OSTF1; FGF13; TNFRSF25; RASD2; SIPA1; THOC1; DIRAS2; RADIL; SNX27; NLRP3; AGAP3; ARAP1; DLC1; AMELX; STAC; P2RX4; SMAD5; PIP5K1A; MYD88; ATF6B; GDF15; AKAP9; DPYSL5; RASL11B; PMCHL2; SPX; PPP1R12C; CD244; ARHGAP39; TOLLIP; BRD8; WWP1; ING2; RASSF4; RABEP2; IL1RL2; PIDD1; IL21; PDE11A; RETN; AMBN; FGF20; CD320; KIF13B; CYTL1; ARHGAP35; KCNIP2; GPR173; FGF21; TENM2; FAM13B; CALML5; CALCOCO1; TENM3; PAK5; ARHGAP20; ARHGAP28; GNG12; CKLF; RPS6KB2; SERGEF; IL19; RASAL2; RPS6KA6; PITPNC1; OR52A1; ITGB1BP2; UTS2R; TRHDE; AMFR; MKLN1; ALK; SUFU; NENF; DAPP1; ARHGAP26; COPS3; MOK; OSGIN2; AKT3; CCL26; PLAA; PKIG; SIT1; HBS1L; PRKAB1; IRS2; LRP12; RIPK3; WIF1; STK24; CSNK1G3; HTR3A; SCUBE1; GABRG2; GABRA6; SLC39A12; GLRA1; CD86; GABRR3; HTR3E; NDRG1; GABRD; GABRQ; CHRNA9; GABRG3; CD80; CHRFAM7A; CD4; MAGI1; GABRE; GSK3A; MAGI3; CHRNA6; NPR2; GABRA3; PRKX; IMPA2; GABRA4; HTR3D; GABRR1; ZACN; GABRP; PLPP2; CHRNB3; PLPPR5; PLPPR3; GSK3B; GLRA4; GUCY2D; NPR1; NDRG3; PDCD1LG2; MAGI2; GABRA1;	GO:0007165~signal transduction	524	989	52.9828109201213	0.0151319101894287	0.819279017384249	1	1	0.999794299610253	0.999794299610253	1
up	SFI1; PLK4; AURKA; CEP290; HMMR; OFD1; HAUS5; CEP152; PCNT; FGFR1OP; CDK1; HSP90AA1; PRKACA; PPP2R1A; CETN2; PAFAH1B1; CSNK1D; CENPF; CSNK1E; PLK1; ACTR1A; PKIA; YWHAG; YWHAE; TUBA4A; DYNC1I2; DCTN2; CKAP5; DCTN1; DYNC1H1; KIF14; PCM1; MAPRE1; ODF2; CEP78; RNASEH2B; CEP135; CLASP1; HAUS6; CNTRL; SDCCAG8; CEP57; CEP70; CEP76; ALMS1; CCNB3; HAUS1; CEP63; CDK5RAP2; AKAP9; CEP41; HAUS4; HAUS2; NDE1; NINL; CDK2;	GO:0010389~regulation of G2/M transition of mitotic cell cycle	56	80	70	0.0151521714011023	0.819279017384249	1	1	0.999794299610253	0.999794299610253	1
up	MRPS12; MRPS14; MRPL33; ERAL1; MRPL3; DAP3; MRPS22; MRPS10; MRPS35; MRPS36; MRPS15; MRPS34; MRPS6; MRPS9; MRPL49; MRPL58; OXA1L; MRPL51; MRPL54; MRPL14; MRPL10; MRPL41; MRPL50; GADD45GIP1; MRPL30; MRPS27; MRPS31; GFM2; CHCHD1; MRPS24; PTCD3; MRPL34; MRPL57; MRPL45; MRPL32; MRPL13; MRPL9; MRPS26; MRPL18; MRPL44; MRPL47; MRPS30; MRPL40; MRPL17; MRPS18A; AURKAIP1; MRPL16; MRPL39; MRPL35; MRPL15; MRPS33; MRPS28; MRPS17; MRPS7; MRPS16; MRPS18C; MRPS23; MRPS18B; MRPL42; TUFM; TSFM;	GO:0070125~mitochondrial translational elongation	61	89	68.5393258426966	0.0156295355200103	0.819279017384249	1	1	0.999794299610253	0.999794299610253	1
up	MRPS12; MRPS14; MRPL33; ERAL1; MRPL3; DAP3; MRPS22; MRPS10; MRPS35; MRPS36; MRPS15; MRPS34; MRPS6; MRPS9; MRPL49; MRPL58; OXA1L; MRPL51; MRPL54; MRPL14; MRPL10; MRPL41; MRPL50; GADD45GIP1; MRPL30; MRPS27; MRPS31; GFM2; CHCHD1; MRPS24; PTCD3; MRPL34; MRPL57; MRPL45; MRPL32; MRPL13; MRPL9; MRPS26; MRPL18; MRPL44; MRPL47; MRPS30; MRPL40; MRPL17; MRPS18A; AURKAIP1; MRPL16; MRPL39; MRPL35; MRPL15; MTRF1L; MRPS33; MRPS28; MRPS17; MRPS7; MRPS16; MRPS18C; MRPS23; MRPS18B; MRPL42; MTRF1;	GO:0070126~mitochondrial translational termination	61	89	68.5393258426966	0.0156295355200103	0.819279017384249	1	1	0.999794299610253	0.999794299610253	1
down	SLC22A23; SLC26A4; SLC26A3; SLC1A3; SLC26A2; CLDN15; SLC20A2; SLC12A1; SLC15A2; SLC36A1; PDZD3; SLC22A15; SLC5A8; AQP11; SLC9A6; SLC5A5; WNK4; SLC17A5; SLC9A2; PLLP;	GO:0006811~ion transport	20	96	20.8333333333333	0.0168714209215504	0.72650805508618	1	1	0.999955229915182	0.999955229915182	1
down	LEFTY2; USP9Y; SMAD7; SMAD9; MAP3K7; LEFTY1; ZFYVE9; FOS; APOA1; TGFBR1; ACVRL1; GDF10; RPS27A; SMAD1; APPL2; PARD3; SIRT1; TWSG1; LTBP3; APPL1;	GO:0007179~transforming growth factor beta receptor signaling pathway	20	96	20.8333333333333	0.0168714209215504	0.72650805508618	1	1	0.999955229915182	0.999955229915182	1
down	KLF4; CASR; KLF3; KLF10; ANO1; KLF2;	GO:1901653~cellular response to peptide	6	15	40	0.0175478417702795	0.72650805508618	1	1	0.999955229915182	0.999955229915182	1
down	NIPAL1; CNNM4; ZDHHC13; MMGT1; NIPAL2; CNNM2;	GO:1903830~magnesium ion transmembrane transport	6	15	40	0.0175478417702795	0.72650805508618	1	1	0.999955229915182	0.999955229915182	1
down	UGDH; UGP2; SLC35D1;	GO:0006065~UDP-glucuronate biosynthetic process	3	3	100	0.0178086543158672	0.72650805508618	1	1	0.999955229915182	0.999955229915182	1
down	NUS1; ABCA2; ARV1;	GO:0032383~regulation of intracellular cholesterol transport	3	3	100	0.0178086543158672	0.72650805508618	1	1	0.999955229915182	0.999955229915182	1
down	F2RL1; MCOLN2; FOXP1;	GO:0035926~chemokine (C-C motif) ligand 2 secretion	3	3	100	0.0178086543158672	0.72650805508618	1	1	0.999955229915182	0.999955229915182	1
down	UNC5C; NTN1; SEMA3B;	GO:0061643~chemorepulsion of axon	3	3	100	0.0178086543158672	0.72650805508618	1	1	0.999955229915182	0.999955229915182	1
down	BMP4; BMP7; SEMA3C;	GO:1905312~positive regulation of cardiac neural crest cell migration involved in outflow tract morphogenesis	3	3	100	0.0178086543158672	0.72650805508618	1	1	0.999955229915182	0.999955229915182	1
up	GNAT3; PPIH; DNAJB6; RGS9; CLPX; FKBP9; BAG4; BAG2; BAG3; GNAI3; GNAO1; HSPA8; NPPB; TCP1; ATF6; GNAZ; GNAT2; CSNK2A2; NPPC; CANX; ERP29; PDIA3; DNAJA1; CCT6A; CCT5; CCT3; RANBP2; ST13; CCT8; CCT4; RAD23B; GNG2; HSPE1; PSMC1; GNB1; GNB2; GNAI1; CSNK2A1; CCT2; FKBP4; UBXN1; PPID; PPIL2; NFYC; MLEC; FKBP8; PDIA5; PDIA6; P3H1; DNAJC21; FUT10; CWC27; RIC3; LTBP4; ENGASE; DNAJC19; DNAJA3; NGLY1; DNAJC1; TTC1; DNAJC7; CCT7; ERP44; DERL1; ALG12; LMAN2L; SIL1; PPIL3; GRPEL1; DNAJC4; MKKS; PFDN4; SPHK1; SACS; HSPBP1; DNAJB11; PFDN2; AMFR; BAG5; RUVBL2; PPIL1; HSP90AA4P; CALR3; HSP90AB2P; TRAP1; PDILT; CDC37; ERP27; HSP90AA1; HSP90AB1; AHSP; NUDCD2; PTGES3; CDC37L1;	GO:0006457~protein folding	94	150	62.6666666666667	0.0182793214216553	0.819279017384249	1	1	0.999794299610253	0.999794299610253	1
up	CASC3; CDC40; ZC3H11A; NUP155; SLU7; TPR; HNRNPA2B1; U2AF2; NUP62; NUP153; RANBP2; AGFG1; NUP98; MAGOH; EIF5A; SARNP; SRSF3; SRSF2; HHEX; SRSF11; SRSF4; NCBP1; CPSF1; NUP160; SRSF9; SRSF5; SRSF6; THOC5; DDX39B; RNPS1; SRSF7; THOC7; ALKBH5; FIP1L1; NUP54; SMG6; RBM15B; NUP43; NUP37; NUP35; THOC2; NUP210; NUP133; DHX38; NUP205; UPF1; MAGOHB; SEH1L; THOC1; YTHDC1; SMG1; NUP88; NUP58; NUP85; POLDIP3; UPF3B; WDR33; NXF2; NXF5; NXF3; CPSF2; NXF1; NXT1; NUP50; CHTOP; RBM8A; GLE1;	GO:0006406~mRNA export from nucleus	67	101	66.3366336633663	0.0188914637586131	0.819279017384249	1	1	0.999794299610253	0.999794299610253	1
down	IZUMO1R; CHL1; CASK; SORBS3; LRRN2; FN1; APP; THBS1; HAPLN1; NCAM1; ITGB6; VCAM1; KITLG; IBSP; CD9; ACHE; NME2; ANOS1; LAMA1; EPHA2; ACTN2; ABL2; CX3CR1; BCAM; EPHA4; CDH11; LGALS4; RHOB; MYBPC1; DDR1; CNTN1; MSLN; LSAMP; COL4A6; HES1; NEDD9; SSPN; COL19A1; POSTN; NECTIN1; COL28A1; SPECC1L; GRHL2; MPZL3; HAPLN4; CD177; CADM4; NEO1; LMLN; FERMT1; CNTN3; CFDP1; CLEC4A; CTNND2; GNE; SSX2IP; ADGRG1; CDHR1; PCDHAC1; PCDHGA2; PCDHAC2; PCDH11Y; PCDH7; SIGLEC8; PCDH18; SPON1; PCDH11X; PARD3; GPNMB; PCDHGA8;	GO:0007155~cell adhesion	70	454	15.4185022026432	0.0192466662969285	0.72650805508618	1	1	0.999955229915182	0.999955229915182	1
up	PSMB11; PSMD11; PSMD12; PSMD9; IGF2BP3; PSMD14; PSMA7; XPO1; PSMD3; TNFSF13; HSPB1; VIM; UBB; UBC; HSPA1A; HSPA8; SCGB1A1; PABPC1; PRKCA; PSMA1; PSMA3; PSMA4; ZFP36; APEX1; PSMB8; PSMA5; PSMB5; AKT1; YWHAB; PSMC2; ANP32A; PSMC4; ZFP36L2; PSMD8; PSMD4; PSME3; PSMC1; PSMC5; PSMC6; CACNG7; YWHAZ; SET; PRKCD; RNASEL; EXOSC9; PSME1; PSMD2; PUM1; PSMD6; ELAVL1; PSMD5; PCID2; EXOSC6; RC3H1; ALKBH5; DCP2; SERBP1; PUM2; PSMF1; KHSRP; TNPO1; DHX36; DCP1A; EXOSC5; EXOSC3; PSMD13; DIS3; YTHDF2; SAMD4B; FXR1; FXR2; ZC3H14; CSDC2;	GO:0043488~regulation of mRNA stability	73	112	65.1785714285714	0.019325794342006	0.819279017384249	1	1	0.999794299610253	0.999794299610253	1
up	CCS; FOXO3; PRKRA; GPX5; GSR; SOD1; ABL1; CAT; EIF2S1; GPX1; SOD3; PARP1; HSPA1A; HSPA1B; CYBA; NCF1; ATP2A2; GPX2; NCF2; GJB2; PRDX3; PRDX2; PYCR1; LONP1; ETV5; RAD52; ALDH3B1; NUDT2; AIF1; RBM11; MGAT3; FOXO1; STX4; PRKAA1; DHRS2; NFE2L1; NCF4; PRKD1; NFE2L2; TXNRD1; ZC3H12A; LRRK2; ADNP2; PRR5L; SETX; CPEB2; SIRT2; VKORC1L1; ZFAND1; PNPT1; GPX8; PYROXD1; PYCR2; GPX7; PARK7; FANCD2; BRF2; TXNRD2; NOX4; ATP13A2; SRXN1; MSRA; FANCC;	GO:0034599~cellular response to oxidative stress	63	94	67.0212765957447	0.0193625471950277	0.819279017384249	1	1	0.999794299610253	0.999794299610253	1
down	PCDH7; MPZL2; CEACAM6; CDH13; NECTIN1; DCHS2; DSG4; AMIGO1; DSCAML1; CDHR1; CADM1; PCDH11X; PCDH11Y; PCDHAC1; CLSTN2; ROBO2; PCDH18; NECTIN3; CELSR1; CD84; PLXNB3; PCDHGA8; PCDHGA2; PCDHAC2; NPTN; VSTM2L; NEXN; CDH11; HMCN1; MYPN;	GO:0007156~homophilic cell adhesion via plasma membrane adhesion molecules	30	165	18.1818181818182	0.019862612266729	0.72650805508618	1	1	0.999955229915182	0.999955229915182	1
down	B4GALT5; B3GNT8; B3GNT3; B3GNT7; B3GNT5;	GO:0030311~poly-N-acetyllactosamine biosynthetic process	5	11	45.4545454545455	0.0201412559675788	0.72650805508618	1	1	0.999955229915182	0.999955229915182	1
down	APP; HMOX1; EGR1; WNT5A; TICAM1;	GO:0045080~positive regulation of chemokine biosynthetic process	5	11	45.4545454545455	0.0201412559675788	0.72650805508618	1	1	0.999955229915182	0.999955229915182	1
down	THBS1; CAPN2; THBS4; SCN9A; LPAR5;	GO:0048266~behavioral response to pain	5	11	45.4545454545455	0.0201412559675788	0.72650805508618	1	1	0.999955229915182	0.999955229915182	1
down	BMP4; EPHA2; ACVRL1; NRARP;	GO:0002043~blood vessel endothelial cell proliferation involved in sprouting angiogenesis	4	7	57.1428571428571	0.0213931461905561	0.72650805508618	1	1	0.999955229915182	0.999955229915182	1
down	YAP1; ASCL1; GRHL2; TMEM38B;	GO:0060487~lung epithelial cell differentiation	4	7	57.1428571428571	0.0213931461905561	0.72650805508618	1	1	0.999955229915182	0.999955229915182	1
down	SLC39A6; SLC39A8; SLC39A4; SLC39A5;	GO:0071578~zinc ion import across plasma membrane	4	7	57.1428571428571	0.0213931461905561	0.72650805508618	1	1	0.999955229915182	0.999955229915182	1
up	XIRP2; SDCBP; MRAS; ARHGEF11; ARPC5; PDPK1; MTSS1; PIP5K1C; NPHP4; DNAJB6; FLNB; ABLIM3; ABL1; PFN1; ADRA2A; CXCL1; EPB41; BCR; SRF; CFL1; PFN2; NF2; ADD2; PAFAH1B1; CRK; CAPZB; ARFIP2; ATXN3; PFN3; RAC3; CDC42; RHOA; RND3; RAC1; RHOG; FGD1; DMTN; SPIRE1; ARHGEF5; FLII; ROCK1; PRKG1; KANK1; TRIP10; ABLIM2; KLHL17; FGD5; ARHGEF18; FGD6; SSH2; FGD2; DAAM2; PHACTR4; TBCK; SPIRE2; PALLD; SSH1; ELMO1; ARPC1A; FGD4; ARHGEF17; DLC1; CORO1B; NUAK2; KLHL1; SPTBN5; DIAPH3; SHROOM4; ARHGAP26; CORO2B; WASF2; MICALL2; SPECC1L-ADORA2A; SMTNL2; CAPZA2; SSH3; ARFGEF3; ARHGEF10; LIMK2; PDLIM3; CSRP3; TESK1; PRICKLE4; FHL3; AMOTL2; MICAL3; AMOTL1; CSRP1; SPECC1; RAC2; EHBP1; RHOBTB3; CAPZA1; CSRP2; SHROOM3; VASP; ARHGEF10L;	GO:0030036~actin cytoskeleton organization	97	157	61.7834394904459	0.0214845796985974	0.819279017384249	1	1	0.999794299610253	0.999794299610253	1
up	TLR4; IRAK2; RIPK2; PAK3; S1PR2; SOD1; C5; EGF; TGFA; PLA2G1B; IGF1; FGF1; INSR; CDK1; RET; FGF2; UBB; UBC; HGF; ADRA2B; NTF3; DRD4; MAPK3; MAPK1; SHC1; ERP29; PRDX2; MAP2K2; CHRNA7; PIK3CB; CRKL; MAP2K3; IRAK1; MAPK10; ITGA1; CXCR4; UBE2N; SHC2; NRG1; PTPN11; PRKAA1; MAP2K5; UBE2V1; PEA15; TAB1; NTRK3; MAPK14; MAP3K11; MAPKAPK3; DUSP5; DUSP6; DUSP7; LRRK2; CSPG4; EPGN; CXCL17; GFRAL; TAOK1; IQGAP3; MAPKAPK5; TAB3; FRS2; MADD; LPAR1; PBK; P2RX7; DUSP9; GDF15; LPAR3; ALK; MAP3K2; TRAF6; IKBKG; PDE6H; MAP2K4; PROK1; AVPI1; MAP2K7;	GO:0000187~activation of MAPK activity	78	122	63.9344262295082	0.0216658885143793	0.819279017384249	1	1	0.999794299610253	0.999794299610253	1
down	UNC13B; STXBP1; CADPS2; SNAP29; SNAP25; UNC13A;	GO:0016082~synaptic vesicle priming	6	16	37.5	0.0220467367671686	0.72650805508618	1	1	0.999955229915182	0.999955229915182	1
down	TNFSF11; PRLR; TPH1; CCND1; DDR1; TNFRSF11A;	GO:0060749~mammary gland alveolus development	6	16	37.5	0.0220467367671686	0.72650805508618	1	1	0.999955229915182	0.999955229915182	1
down	CHMP1B; VPS37A; CHMP4C; TSG101; CHMP4B; VPS37B; CHMP3;	GO:0039702~viral budding via host ESCRT complex	7	21	33.3333333333333	0.0221315351736541	0.72650805508618	1	1	0.999955229915182	0.999955229915182	1
up	POLR2D; RBFOX2; FIBP; FGF19; FGF1; FGF4; FGF2; FGF6; FGFR1; FGF3; GTF2F2; POLR2C; FGF7; FGFR2; FGFR4; FGFR3; MAPK3; MAPK1; FGF9; TIA1; HNRNPH1; GTF2F1; CRKL; IQGAP1; HNRNPM; POLR2H; HNRNPF; POLR2K; FGF8; RAB14; POLR2F; POLR2G; GRB2; TIAL1; PTPN11; NCBP1; FGFBP1; TRIM71; FAT4; SETX; SPRED1; CEP57; KLB; FGFRL1; FRS2; KIF16B; FGF23; ESRP2; FGF22; FGF20; FLRT3; FLRT1; KL; SHOC2;	GO:0008543~fibroblast growth factor receptor signaling pathway	54	79	68.3544303797468	0.0225755286015463	0.819279017384249	1	1	0.999794299610253	0.999794299610253	1
up	DVL1; AURKA; CBFA2T3; SOCS5; PIAS1; IL33; BAG2; GBA; HSPA1A; TAF1; DNAJB2; AKT1; USP5; GCLC; CSNK1A1; CSNK1D; CSNK1E; CEBPA; PSEN1; GSK3A; GSK3B; PLK1; RAD23A; SUMO2; RBX1; SUMO1; RACK1; MDM2; KLHL40; LRRK2; DET1; ZER1; BBS7; SIRT2; ZFAND2A; SH3RF2; SOCS4; CHFR; DDRGK1; PRICKLE1; ZYG11B; HSPBP1; DDA1; RNF217; RNF180; ARIH1; RNF19B; TRIB3; HSPA1B; ARIH2; RNF144B;	GO:0032436~positive regulation of proteasomal ubiquitin-dependent protein catabolic process	51	74	68.9189189189189	0.0236892537247031	0.819279017384249	1	1	0.999794299610253	0.999794299610253	1
up	KDM6B; MAPK13; AIFM1; ABL1; ARG1; IL6; CDK1; FABP1; PDGFRB; PCNA; SRC; ETS1; NQO1; TNFAIP3; APEX1; AQP1; PPIF; AXL; PCGF2; STAT6; PPP5C; HSF1; MDM2; RELA; PRKCD; FOXO1; PRKAA1; MAPK7; RIPK1; NFE2L2; SETX; HDAC2; PARK7; MAP3K5; MAP1LC3A; ANKZF1; PLEKHA1; CBX8; ZNF277; SMPD3; SPHK1; HDAC6; ZNF580; TRPC6; RIPK3; OSER1; ANXA1;	GO:0070301~cellular response to hydrogen peroxide	47	67	70.1492537313433	0.0238328064632282	0.819279017384249	1	1	0.999794299610253	0.999794299610253	1
up	IKBKB; AURKA; DCLK1; MAPK13; MAP3K13; ROCK2; ULK1; TNKS; CHEK2; CDK1; BCL2; TOP1; SRC; PRKCA; PRKACA; CSNK2A2; TAF1; CDK2; MAPK3; MAPK1; AKT1; TGFBR2; MAPK9; CSNK1A1; CSNK1D; CSNK1E; CLK1; GSK3A; GSK3B; PRKX; DGKQ; PLK1; MAPK12; CSNK2A1; SRPK2; CSNK1G2; PRKDC; PKD1; PRKCE; PRKCZ; PRKCD; MAP3K12; MAPK7; ATM; ILK; ROCK1; ATR; CAMK2D; DYRK1A; MORC3; CDK5R1; PRKD1; MAPK14; MAPKAPK3; LRRK2; TTBK2; RICTOR; MARK2; TLK2; LMTK2; DCLK2; UHMK1; SMG1; MKNK1; TSSK6; TSSK1B; HIPK2; HIPK3; WNK1; NEK6; TBK1; CAB39; CSNK1G3; CDC7; CSNK1A1L; DYRK2; PDPK2P; LATS1; TLK1; HIPK4; PRKCH; AKT2; PRKCB; MAST2; AKT3; MAPKAPK5; CAMK4; PDPK1; PRKCQ; CHUK; MAST3; DCLK3; DYRK4; STK32A; MKNK2; HIPK1; PKN3;	GO:0018105~peptidyl-serine phosphorylation	97	158	61.3924050632911	0.0239473260813776	0.819279017384249	1	1	0.999794299610253	0.999794299610253	1
up	EIF4E1B; CASC3; FOXO3; AIRE; RPLP1; ACO1; RPL10; AKT1; AKT2; GRM5; MAGOH; SARNP; RBM3; TCOF1; NOLC1; PIWIL3; MAPKAPK5; EIF4E3; LSM14A; KBTBD8; PUM2; GEMIN5; TSC1; GCN1; PTCD3; PIWIL1; DNAJC1; ATXN2; RBM4B; MKNK1; LSM14B; EIF2A; PCIF1; MKNK2; CNOT11; CNOT6; PKP3; RBM8A; ZNF706; PUM3; CYFIP1; MATR3; HNRNPL; HNRNPLL;	GO:0006417~regulation of translation	44	62	70.9677419354839	0.0248235187800973	0.819279017384249	1	1	0.999794299610253	0.999794299610253	1
down	F13A1; FN1; THBS1; SPRR1B; SPRR2E; SPRR1A; TGM3; TGM6;	GO:0018149~peptide cross-linking	8	27	29.6296296296296	0.0251242464672778	0.72650805508618	1	1	0.999955229915182	0.999955229915182	1
down	PER1; FKTN; F2RL1; MECOM; ZMYND11; ZNF675; PINK1; DACT1;	GO:0046329~negative regulation of JNK cascade	8	27	29.6296296296296	0.0251242464672778	0.72650805508618	1	1	0.999955229915182	0.999955229915182	1
up	MAP2K7; EPHB6; RIPK2; JAK2; STK16; ABL1; EGFR; EGF; ERBB2; INSR; FYN; FES; CSF1R; RET; MET; HCK; PDGFRB; WEE2; FGFR1; SRC; INSRR; FER; FLT1; FGFR2; ERBB3; FGFR4; FGFR3; EPHB2; LTK; TYK2; WEE1; AXL; FLT4; MAP2K2; FLT3; TEC; MAP2K4; MAP2K3; CLK1; CLK2; CLK3; BLK; BMX; JAK3; EPHB3; EPHA5; EPHB4; EPHB1; RELN; ROR2; TEK; PTK2; PRKCD; BTK; TYRO3; TWF1; EFEMP1; MERTK; MAP2K5; DYRK1A; PTK2B; MELK; TESK1; NTRK3; PKDCC; DSTYK; HIPK1; LMTK2; HIPK4; TTN; DYRK2; CAMKK2; HIPK2; SRMS; HIPK3; PEAK1; CLK4; DYRK4; BAZ1B; ALK;	GO:0018108~peptidyl-tyrosine phosphorylation	80	127	62.992125984252	0.0254536254182253	0.819279017384249	1	1	0.999794299610253	0.999794299610253	1
down	NKX2-2; BMP4; BMP5; WNT5A; CDK6;	GO:0003323~type B pancreatic cell development	5	12	41.6666666666667	0.0261351995127423	0.72650805508618	1	1	0.999955229915182	0.999955229915182	1
down	APP; PTN; CX3CR1; EPHA4; PPP1R9A;	GO:1900272~negative regulation of long-term synaptic potentiation	5	12	41.6666666666667	0.0261351995127423	0.72650805508618	1	1	0.999955229915182	0.999955229915182	1
down	GABRB3; WNT5A; GABRA2; GABRB2; LGI2;	GO:1904862~inhibitory synapse assembly	5	12	41.6666666666667	0.0261351995127423	0.72650805508618	1	1	0.999955229915182	0.999955229915182	1
down	MT-CO2; PID1; PINK1; TREM2; PPARGC1A;	GO:2001171~positive regulation of ATP biosynthetic process	5	12	41.6666666666667	0.0261351995127423	0.72650805508618	1	1	0.999955229915182	0.999955229915182	1
down	FOS; JUND; SLC1A3; CRY2; PER1; PER2; PER3;	GO:0009416~response to light stimulus	7	22	31.8181818181818	0.0266175774724515	0.72650805508618	1	1	0.999955229915182	0.999955229915182	1
up	POLR2D; AQR; HMGN1; ERCC1; UBB; UBC; PCNA; RPA2; XRCC1; POLR2C; ERCC3; XPA; TCEA1; POLD1; GTF2H1; RPA3; RFC5; RFC3; LIG3; CDK7; CCNH; MNAT1; POLR2H; POLR2K; COPS2; POLR2F; POLR2G; RBX1; ERCC6; EP300; ERCC8; CUL4A; CUL4B; GTF2H2; GTF2H3; UVSSA; GTF2H5; GTF2H4; COPS5; USP7; ZNF830; COPS8; COPS4; POLD4; POLK; COPS7A; ISY1; PRPF19; PPIE; COPS3;	GO:0006283~transcription-coupled nucleotide-excision repair	50	73	68.4931506849315	0.0267217183749793	0.819279017384249	1	1	0.999794299610253	0.999794299610253	1
up	CASC3; CDC40; ZC3H11A; PCF11; SLU7; U2AF2; CSTF2; PAPOLA; MAGOH; SARNP; SRSF3; SRSF2; CSTF1; SRSF11; SRSF4; NCBP1; CPSF1; CSTF3; SRSF9; SRSF5; SRSF6; THOC5; DDX39B; RNPS1; SRSF7; THOC7; FIP1L1; PABPN1; CPSF7; THOC2; DHX38; CLP1; MAGOHB; THOC1; POLDIP3; UPF3B; WDR33; CPSF2; CHTOP; RBM8A; RPRD1A; RPRD1B;	GO:0031124~mRNA 3'-end processing	42	59	71.1864406779661	0.026974372088211	0.819279017384249	1	1	0.999794299610253	0.999794299610253	1
down	THBS1; WNT5A; PLA2G4A; IL1RL1; HAVCR2; TLR6;	GO:0043032~positive regulation of macrophage activation	6	17	35.2941176470588	0.027261722078226	0.72650805508618	1	1	0.999955229915182	0.999955229915182	1
up	MEN1; CBX4; WWP2; FOXE1; BHLHE40; TBX3; HDAC3; CLOCK; RBFOX2; HR; ZBTB14; KDM1A; GREM1; PRAMEF10; CBFA2T3; KDM4A; DNAJB6; ZNF217; NR1I2; GMNN; EED; RPS6KA5; ZIC2; SOX14; PRAMEF12; HAND1; CALCA; IFNG; CSF2; TP53; IL4; JUN; TFAP2A; GLI3; RARA; THRA; HSPA8; SRC; XRCC6; POU2F1; GCFC2; ZNF12; BCL3; CAPN3; SFPQ; MYF6; NR2F2; HMGB2; YWHAQ; SHC1; ARID4A; HOXA7; YWHAB; CIITA; CTNNB1; PHB; MSX2; SOX18; AHR; ZEB1; ID1; HNF4A; CBX5; CDKN1B; XCL1; LIMS1; RFX3; SOX9; GCLC; LHX1; CENPF; PPM1F; CEBPA; CEBPD; DAP; SMARCA2; SMARCA4; MECP2; ATXN1; NR1H2; PAX9; HDAC4; CTBP2; WNT4; SOX8; FOXL2; LOXL3; PSMC5; SUMO1; UBE2I; ELF3; CBX1; FOXK1; ZBED6; MDM2; SET; FOXK2; NRG1; SP3; HHEX; PPARD; RELA; TLE1; TLE2; ZNF91; RUNX1T1; RING1; FOXM1; RIPPLY1; FOXO1; STRN3; CBX3; IKZF1; HDAC1; SNW1; C1D; RUNX2; VGLL4; TFDP2; ARID5B; CDK5R1; NONO; PTPRK; NR0B2; TAF7; TWIST1; ZNF174; SMAD2; CRY1; ZNF423; LRRFIP1; ZNF568; PRAMEF19; DEPDC1; ZNF658; PRAMEF20; PRAMEF17; ZNF318; PRAMEF18; PRAMEF15; TSHZ3; ZNF425; NIPBL; HMBOX1; ZNF746; TBPL2; ATF7IP; KCTD1; ERN2; BEND5; LDB1; CIR1; PPARGC1B; GATAD2A; IFNL1; PASD1; NOSTRIN; SIRT2; YAF2; RCOR2; CIART; KDM8; NKAP; ZC3H8; ESX1; EID2; ZBTB38; SMYD1; RBM15B; PPHLN1; UBA3; BAHD1; ACTRT1; TWIST2; KAT6B; BAP1; HDAC2; JARID2; GATA6; KAT5; SMARCE1; NACC2; EID2B; MTERF3; SCMH1; HIC2; USP47; PRMT6; HEXIM2; PRICKLE1; CIC; UIMC1; TRIB3; SIN3A; RSF1; MPHOSPH8; PHB2; GFI1; CITED1; CITED2; HINFP; MESP1; ZKSCAN3; TCEAL7; THAP7; MTA3; LGR4; GLIS2; FOXP3; NKX6-2; ZMYND15; WWP1; GZF1; EPC1; ZHX3; SUV39H2; ZNF703; KAT8; PATZ1; CHD8; CHMP1A; HMX1; BRD7; LHX9; TCF7L2; KMT5A; PRDM11; PRDM5; CREBZF; LANCL2; RLIM; BCLAF1; ZNF224; MDFIC; ZBTB4; HDAC6; DKK3; KDM5B; LIMD1; MLX; SFMBT1; ZNF639; SIX4; CNOT7; MAGEL2; LEF1; DNMT3L; HDAC9; TBX21; SNX6; TIMELESS; ZNF148; ATF5; ZNF256; ZNF281; TSC22D4; TBX22; LOXL2; TRAF6; HEY1; ZNF706; MAGED1; NCOR2; EID1; ZHX2; ZNF165; ZC3H6; PRDM8; ANHX; ZC3H4; C11orf95; SIX5; COPS2; ZNF586; PHF10; ZNF154; DPF1; DPF2; SOX13; ZFP90; TRIM66; SIX6; ZNF215; ALX1; ZBTB21; OVOL2; SOX6; DPF3;	GO:0045892~negative regulation of transcription, DNA-templated	288	530	54.3396226415094	0.0273980576675431	0.819279017384249	1	1	0.999794299610253	0.999794299610253	1
up	PPP6C; PTPRT; CTDSP2; PPEF1; PPP1R12A; PPM1D; PPM1G; PHLPP1; CDC14B; DUSP11; BCL2; MYH6; MYH8; PPP3CB; PTPN1; PTPRB; PTPN3; PTPRM; PTPN4; PPP2R1A; PPP2R1B; PPM1A; PPP3CC; PPP5C; TPTE; PTEN; PPP4C; PPP1CA; PPP2CB; PPP3R1; PPP2R2A; PPP2CA; PTPN12; CTDSPL2; PPP2R3A; PTPN13; DLG1; CAMK2G; MTMR2; MTMR3; PPP2R5D; PPP2R5A; PTPRK; PTPN14; TAB1; STK11; DUSP5; TIMM50; PPP4R3B; DUPD1; PHLPP2; SSH2; PPM1N; PPP4R1; SSH1; PTPRU; PPM1M; CPPED1; DUSP26; CTDSP1; LHPP; ILKAP; PPA2; PPP1R3E; MTMR4; PPP4R1L; CTTNBP2NL; DUSP13; PPM1H; DAPP1; MTMR7; CTDP1; PPP4R2; PTPRE; PTPRF; PTPRD; PPP2R5E; PTPRG; FAM220A; PPP2R5B; PPP2R5C; PTPRH; DUSP9; DUSP7; DUSP6;	GO:0006470~protein dephosphorylation	85	137	62.043795620438	0.0277519163232043	0.819279017384249	1	1	0.999794299610253	0.999794299610253	1
up	TARM1; SNAP23; STXBP3; PSMD11; PSMD12; PGRMC1; MANBA; PSMD14; SDCBP; DDX3X; RNASET2; ADAM10; APAF1; SLC27A2; CEP290; AGPAT2; SIGLEC5; ARPC5; PSMD3; SYNGR1; TLR2; CPNE3; PGLYRP1; CREG1; ATP6AP2; IDH1; NFASC; TMEM63A; STBD1; CYB5R3; HP; SERPINA3; PIGR; HLA-H; AHSG; LTF; FTL; CAT; FUCA1; KRT1; ARG1; ITGB2; GSN; CTSD; ANXA2; HEXB; HSP90AA1; CD55; GUSB; HSP90AB1; ELANE; CD63; CXCL1; HMGB1; CTSH; ALOX5; LTA4H; HSPA1A; HSPA1B; GAA; HLA-C; CTSA; HSPA8; ITGAM; EPX; IGF2R; DEFA4; XRCC6; CYBA; CEACAM1; ALAD; PRG2; APEH; CD59; MIF; PKM; JUP; B4GALT1; GNS; DSP; TIMP2; GLB1; BPI; GM2A; CR1; VCL; PGAM1; CD58; ORM2; AOC1; NFKB1; TCN1; AZU1; RAB3A; RAB6A; IMPDH1; AGA; SLC2A5; MMP8; PTPRB; FCAR; PRTN3; CTSS; S100P; CFP; PSMA5; MAPK1; GCA; GRN; SERPINB3; FCER1G; SERPINB1; S100A7; S100A11; CEACAM8; GALNS; CD68; SERPINB6; AGL; PSMC2; CHI3L1; PGM1; DDOST; MNDA; FOLR3; ACTR1B; FRK; PRCP; ALDH3B1; IQGAP1; GLIPR1; SERPINB10; DNASE1L1; PSEN1; GDI2; CCT8; RAB5C; RAB7A; HK3; ACLY; CTSC; IST1; RAB5B; RAB10; RAB14; ACTR2; RAP1B; RAP2B; RHOA; B2M; YPEL5; RAC1; DYNLT1; EEF1A1; PAFAH1B2; CCT2; S100A12; RHOG; AMPD3; CAP1; DSG1; PLAUR; PRKCD; CKAP4; DSC1; SIGLEC14; BST1; BST2; ILF2; PRDX4; PSMD2; DNAJC3; KCNAB2; PDAP1; ROCK1; ASAH1; IQGAP2; CDK13; MLEC; DYNC1H1; FGL2; MVP; KPNB1; PSMD6; MAPK14; C3AR1; ANO6; FLG2; UBR4; ATAD3B; HGSNAT; LAIR1; LAMTOR1; NAPRT; NBEAL2; CYFIP1; TMC6; C6orf120; GOLGA7; RAB44; TMEM179B; ABCA13; TICAM2; ARMC8; TBC1D10C; SLC44A2; MCEMP1; OSCAR; ORMDL3; SLC15A4; TSPAN14; MOSPD2; ATP8B4; CLEC4C; CLEC4D; ARHGAP45; OSTF1; TMBIM1; RAB37; ARL8A; HVCN1; PGM2; MS4A3; SERPINB12; CNN2; NEU1; VAT1; CPPED1; ERP44; CRACR2A; FUCA2; VAMP8; AP1M1; CRISPLD2; TOLLIP; DNAJC5; METTL7A; RHOF; RETN; RAB9B; CD93; GPR84; TMEM30A; CMTM6; ACTR10; CALML5; COMMD9; KCMF1; VAPA; CTSZ; BIN2; CD300A; PSMD13; PPIE; ATP11B; ATP8A1; PRG3; DERA; SIGLEC9; CAB39; RAP2C; TRAPPC1; DYNC1LI1; ENPP4;	GO:0043312~neutrophil degranulation	264	483	54.6583850931677	0.0281413473116222	0.819279017384249	1	1	0.999794299610253	0.999794299610253	1
up	DNAJB6; HSBP1; NUP155; BAG4; BAG2; BAG3; HSP90AA1; HSP90AB1; HSPA1A; HSPA1B; HSPA8; TPR; RPA2; MAPK3; MAPK1; HSPA1L; RPA3; NUP62; NUP153; RANBP2; GSK3B; NUP98; YWHAE; HSF1; FKBP4; EP300; NUP160; ATM; ATR; CAMK2G; CAMK2D; PTGES3; NUP54; RPTOR; NUP43; NUP37; NUP35; NUP210; NUP133; HSPH1; NUP205; CREBBP; AKT1S1; SEH1L; DNAJC2; NUP88; DNAJC7; MLST8; NUP58; NUP85; NUP50; BAG5;	GO:1900034~regulation of cellular response to heat	52	77	67.5324675324675	0.0285915265178385	0.819279017384249	1	1	0.999794299610253	0.999794299610253	1
down	ST6GAL1; CMAS; GNE;	GO:0006054~N-acetylneuraminate metabolic process	3	4	75	0.0287694547613639	0.72650805508618	1	1	0.999955229915182	0.999955229915182	1
down	SLC39A8; DDAH2; DDAH1;	GO:0006525~arginine metabolic process	3	4	75	0.0287694547613639	0.72650805508618	1	1	0.999955229915182	0.999955229915182	1
down	SLC26A4; ANO1; SLC5A5;	GO:0015705~iodide transport	3	4	75	0.0287694547613639	0.72650805508618	1	1	0.999955229915182	0.999955229915182	1
down	MT-CYB; MT-ND4; MT-CO1;	GO:0015990~electron transport coupled proton transport	3	4	75	0.0287694547613639	0.72650805508618	1	1	0.999955229915182	0.999955229915182	1
down	NME2; NAB1; SGPP1;	GO:0045682~regulation of epidermis development	3	4	75	0.0287694547613639	0.72650805508618	1	1	0.999955229915182	0.999955229915182	1
down	CFTR; SLC26A3; NOX1;	GO:0051454~intracellular pH elevation	3	4	75	0.0287694547613639	0.72650805508618	1	1	0.999955229915182	0.999955229915182	1
down	EDN1; MYLK3; PROX1;	GO:0060298~positive regulation of sarcomere organization	3	4	75	0.0287694547613639	0.72650805508618	1	1	0.999955229915182	0.999955229915182	1
down	BMP4; BMP7; WNT5A;	GO:0060686~negative regulation of prostatic bud formation	3	4	75	0.0287694547613639	0.72650805508618	1	1	0.999955229915182	0.999955229915182	1
down	NUPR1; HMOX1; YAP1;	GO:1904036~negative regulation of epithelial cell apoptotic process	3	4	75	0.0287694547613639	0.72650805508618	1	1	0.999955229915182	0.999955229915182	1
down	RAB27A; RAB11A; TSG101;	GO:1990182~exosomal secretion	3	4	75	0.0287694547613639	0.72650805508618	1	1	0.999955229915182	0.999955229915182	1
up	MIF4GD; DDX3X; EIF3D; CTIF; ERBB2; IL6; NPM1; VIM; CD28; CDK4; PABPC1; HNRNPL; ITGA2; BCL3; MAPK3; MAPK1; UCN; EIF6; EIF3E; RPL26; RHOA; RBM3; SOX4; DDX39B; CIRBP; PTK2B; TARBP2; ELAVL1; PRR16; RPS27L; YTHDF3; METTL3; GUF1; CPEB3; LARP4B; PASK; EIF3C; PYM1; POLDIP3; YTHDF1; UPF3B; PAIP1; PCIF1; ZCCHC4; BARHL2; SERP1; FXR2; FXR1;	GO:0045727~positive regulation of translation	48	70	68.5714285714286	0.029089514872614	0.819279017384249	1	1	0.999794299610253	0.999794299610253	1
down	TNFSF11; CCND1; EPHA2; BTRC;	GO:0033598~mammary gland epithelial cell proliferation	4	8	50	0.0294876073813214	0.72650805508618	1	1	0.999955229915182	0.999955229915182	1
up	WWP2; ARIH2; TRIM27; NEDD4; UBE2N; UBE2G1; RNF4; UBE2V1; UBE2S; RNF135; RNF168; UBE2E3; PELI1; ITCH; ZFP91; UBE2E2; RNF5; RNF126; TRIM5; UBE2O; UBE2T; RNF186; BFAR; MAGEL2; PRPF19; UBE2D4; TRAF6; UBE2V2; PELI3; HECTD1; TRAF1; UBE2NL; TRAF5;	GO:0070534~protein K63-linked ubiquitination	33	44	75	0.0295465761230498	0.819279017384249	1	1	0.999794299610253	0.999794299610253	1
down	MAP3K7; EDN1; RPS3; EPHA4; FZD5; DAB2IP; FZD8; TLR6; TNFRSF11A;	GO:0043507~positive regulation of JUN kinase activity	9	34	26.4705882352941	0.0310188414764507	0.72650805508618	1	1	0.999955229915182	0.999955229915182	1
down	FOXP2; MAN1A2; PDGFA; ATXN1L; BMP4; ATP7A; RC3H2; TMEM38B; ERRFI1;	GO:0048286~lung alveolus development	9	34	26.4705882352941	0.0310188414764507	0.72650805508618	1	1	0.999955229915182	0.999955229915182	1
down	LMNA; THBS1; BMP4; SCG2; LGALS3; TGFBR1; YAP1; ZMYND11; SH3RF1;	GO:2001237~negative regulation of extrinsic apoptotic signaling pathway	9	34	26.4705882352941	0.0310188414764507	0.72650805508618	1	1	0.999955229915182	0.999955229915182	1
down	TNFSF11; CA2; FOS; IL12B; KLF10; OCSTAMP; TREM2;	GO:0045672~positive regulation of osteoclast differentiation	7	23	30.4347826086957	0.0316840878291451	0.72650805508618	1	1	0.999955229915182	0.999955229915182	1
down	RAB27B; CFTR; RAB9A; RAB27A; EXPH5; SYTL4; CADPS2;	GO:0045921~positive regulation of exocytosis	7	23	30.4347826086957	0.0316840878291451	0.72650805508618	1	1	0.999955229915182	0.999955229915182	1
down	RAB27B; LEFTY2; QSOX1; ABCC4; PCDH7; F13A1; KNG1; APOA1; APOH; FN1; PDGFA; APP; PROS1; THBS1; FLNA; CD9; ACTN2; STXBP1; LY6G6F; APOOL; NHLRC2; SYTL4; POTEKP;	GO:0002576~platelet degranulation	23	124	18.5483870967742	0.0317121169960084	0.72650805508618	1	1	0.999955229915182	0.999955229915182	1
up	MRPS12; GATC; MRPS14; GATB; NDUFA7; MRPS15; MRPS34; MRPS6; MRPL51; NOA1; GFM2; MRPS24; PTCD3; MRPL57; QRSL1; MRPS18A; MRPS17; MRPS7; MRPS16; MRPS18B; RARS2; MRPL16; LARS2; IARS2; MRPL47;	GO:0032543~mitochondrial translation	25	31	80.6451612903226	0.0321667111822999	0.819279017384249	1	1	0.999794299610253	0.999794299610253	1
up	TAF4; NR5A2; E2F3; PPM1D; POLR2D; MED7; NR1I2; MED26; ESRRB; ESR1; PGR; CDK1; RARA; NR2F6; NR2F1; RARB; THRA; ESRRA; CDK4; NR2C1; GTF2F2; CCNB1; TCF4; POLR2C; ERCC3; RXRA; TAF1; NR4A1; TEAD1; GTF2E1; GTF2E2; GTF2H1; GTF2F1; RORA; CDKN1A; HNF4A; SOX9; RXRG; TAF6; CDK7; CDK9; RORC; MECP2; CCNH; MNAT1; POLR2H; GTF2A2; POLR2K; NR1H2; PTEN; POLR2F; POLR2G; ESRRG; GTF2B; ZNF45; PPARD; NOTCH2; BAX; TAF10; NR1H3; NR5A1; SNW1; GTF2H2; GTF2H3; RUNX2; HNF4G; NR6A1; NR0B2; TAF5; TAF13; TAF7; TEAD2; MED1; TAF12; TAF9; GTF2H5; NR2C2AP; MAML2; TAF1L; MAML1; ESR2; TAF4B; GTF2H4; CREBBP; TAF15; NRBF2; MED8; MED30; WWTR1; TAF9B; MED13; NRBP1; GTF2A1L; THRAP3; MED16; MED31; NR2E1;	GO:0006367~transcription initiation from RNA polymerase II promoter	97	161	60.2484472049689	0.032728951143602	0.819279017384249	1	1	0.999794299610253	0.999794299610253	1
down	ARSB; NCK1; PTN; NME2; RGS2; WNT5A; PRKCI; ABL2; RAP1A; CNTN1; DAB2IP; MOB2; CAMK1D; NDNF; STMN2; RRN3; PLXNB3; FZD1; NPTN; ROR1; MUSK;	GO:0010976~positive regulation of neuron projection development	21	111	18.9189189189189	0.0330758519273643	0.72650805508618	1	1	0.999955229915182	0.999955229915182	1
down	ATP2B1; GPNMB; TWSG1; CLEC4A; NPTN;	GO:0001818~negative regulation of cytokine production	5	13	38.4615384615385	0.0331560263331838	0.72650805508618	1	1	0.999955229915182	0.999955229915182	1
down	PPP1R12B; TPM1; MYL9; SSTR2; TNNC2;	GO:0006937~regulation of muscle contraction	5	13	38.4615384615385	0.0331560263331838	0.72650805508618	1	1	0.999955229915182	0.999955229915182	1
down	SLC16A14; SLC16A9; SLC16A1; SLC16A12; SLC16A7;	GO:0015718~monocarboxylic acid transport	5	13	38.4615384615385	0.0331560263331838	0.72650805508618	1	1	0.999955229915182	0.999955229915182	1
down	HACD2; ELOVL4; ELOVL2; HACD3; ELOVL6;	GO:0042761~very long-chain fatty acid biosynthetic process	5	13	38.4615384615385	0.0331560263331838	0.72650805508618	1	1	0.999955229915182	0.999955229915182	1
down	KIT; COL8A2; C6orf89; RETNLB; EHF;	GO:0050673~epithelial cell proliferation	5	13	38.4615384615385	0.0331560263331838	0.72650805508618	1	1	0.999955229915182	0.999955229915182	1
down	CYTH3; HES1; PARD3; FERMT1; FRMD4B;	GO:0090162~establishment of epithelial cell polarity	5	13	38.4615384615385	0.0331560263331838	0.72650805508618	1	1	0.999955229915182	0.999955229915182	1
down	WNT5A; LRRTM3; NLGN4X; NLGN4Y; FZD1;	GO:0099054~presynapse assembly	5	13	38.4615384615385	0.0331560263331838	0.72650805508618	1	1	0.999955229915182	0.999955229915182	1
down	NUPR1; MTM1; PINK1; CHMP4B; FEZ2;	GO:1902902~negative regulation of autophagosome assembly	5	13	38.4615384615385	0.0331560263331838	0.72650805508618	1	1	0.999955229915182	0.999955229915182	1
down	EEF1E1; KRAS; HLA-G; HMGA2; SIRT1;	GO:2000774~positive regulation of cellular senescence	5	13	38.4615384615385	0.0331560263331838	0.72650805508618	1	1	0.999955229915182	0.999955229915182	1
down	MELTF; IREB2; NECTIN1; TTYH1; FTH1; CP;	GO:0006826~iron ion transport	6	18	33.3333333333333	0.0332304412552925	0.72650805508618	1	1	0.999955229915182	0.999955229915182	1
down	SMAD7; SPRY2; CALM2; SPRED2; CADM4; PARD3;	GO:0010801~negative regulation of peptidyl-threonine phosphorylation	6	18	33.3333333333333	0.0332304412552925	0.72650805508618	1	1	0.999955229915182	0.999955229915182	1
down	PDLIM1; ELN; ARRB1; FAM171A1; SORBS1; FHDC1;	GO:0043149~stress fiber assembly	6	18	33.3333333333333	0.0332304412552925	0.72650805508618	1	1	0.999955229915182	0.999955229915182	1
up	DCTN6; SPTBN2; DYNC1LI2; AP1G1; CTSV; SEC31A; KIF4A; SEC24A; SEC24B; HLA-DQA2; HLA-DQB2; HLA-DOA; CTSD; CTSL; CLTA; IFI30; HLA-DPA1; CTSS; CANX; HLA-DMA; HLA-DMB; FCGR2B; ACTR1B; CAPZA2; CAPZB; DNM2; RAB7A; CAPZA1; AP2S1; SEC24C; AP1S2; ACTR1A; AP1S1; AP2B1; ARF1; CLTC; CENPE; KIF23; KLC1; DYNC1I2; DCTN2; DCTN1; DYNC1H1; KIF22; SEC23A; KIF4B; KIF2B; KIF18A; AP2M1; DYNLL2; AP1S3; DCTN5; AP1M1; RACGAP1; KIF15; ACTR10; CTSF; DCTN4; KIF3A; TRAF6; DYNC1LI1; AP1M2; FCER1G;	GO:0019886~antigen processing and presentation of exogenous peptide antigen via MHC class II	63	98	64.2857142857143	0.033429098195395	0.819279017384249	1	1	0.999794299610253	0.999794299610253	1
up	CLDN3; ZMYM6; SPARC; CFL1; CAPZB; ZNF135; EFNA5; ZMYM3; SH3D19; CAMSAP1; STRIP1; ZMYM4; BCL9L; PDZD8; PHIP; FMNL2; AGO4; ENAM; ZRANB1; QRICH1; ZMYM1; ZMYM2; ZMYM5;	GO:0022604~regulation of cell morphogenesis	23	28	82.1428571428571	0.0343591814606983	0.819279017384249	1	1	0.999794299610253	0.999794299610253	1
up	PPP6C; GOSR2; ANKRD28; TRAPPC3; PDCD6; SEC22B; SEC31A; CNIH1; SEC24A; SEC24B; F8; TGFA; TRAPPC2; F5; CD59; FOLR1; GRIA1; NSF; TRAPPC10; CSNK1D; CTSC; SEC24C; NAPA; RAB1A; GOLGA2; STX5; CUL3; TMED2; SEC23A; PPP6R3; CNIH2; TRAPPC6B; TRAPPC5; MCFD2; SCFD1; TBC1D20; GORASP1; RAB1B; PREB; CTSZ; PEF1; TRAPPC2L; TRAPPC4; TRAPPC1;	GO:0048208~COPII vesicle coating	44	64	68.75	0.0345189528837335	0.819279017384249	1	1	0.999794299610253	0.999794299610253	1
down	NUPR1; LRP6; FOSL1; CCND1; ASCL1; C6orf89; NR4A3; PROX1; CCPG1;	GO:0045787~positive regulation of cell cycle	9	35	25.7142857142857	0.0355052319633551	0.72650805508618	1	1	0.999955229915182	0.999955229915182	1
up	EVI5; CDKL5; IFT88; TBC1D9B; SDCCAG8; TBC1D1; TBC1D10C; IFT20; TBC1D21; TBC1D3; CNTROB; TBC1D19; TBC1D15; DYNC2LI1; TBC1D22A; TCTEX1D2; SYNE2; TBC1D5; USP6NL; TBC1D20; SGSM3; IFT140; TBC1D10A; ATG5; RABEP2; TBC1D17; CYLD; ATG3; TBC1D22B; TBC1D14; TBC1D24; TBC1D2B; VDAC3;	GO:1902017~regulation of cilium assembly	33	45	73.3333333333333	0.0358259432845297	0.819279017384249	1	1	0.999794299610253	0.999794299610253	1
up	IRGM; ATG12; BAG3; PSEN1; RAB7A; RAB1A; BECN1; ATG2A; TMEM41B; WDR45B; ATG9B; ATG16L1; ATG14; PACS2; STX12; VMP1; EMC6; AMBRA1; RAB33B; ATG5; MAP1LC3A; ATG3; SYNPO2; WDR45; WIPI2; UBXN2B; GABARAP; RAB1B; MAP1LC3C; MAP1LC3B; ULK1; UBXN2A; ATG16L2; GABARAPL1; RB1CC1; MAP1LC3B2; PIK3C3; ATG2B; NSFL1C; ULK2; BECN2;	GO:0000045~autophagosome assembly	41	59	69.4915254237288	0.0362306646110471	0.819279017384249	1	1	0.999794299610253	0.999794299610253	1
up	PSMB11; PSMD11; PSMD12; PSMD9; PSMD14; PSMA7; IKBKB; CHUK; IRAK2; PSMD3; RIPK2; RPS6KA5; IL1A; UBB; UBC; IL1R1; NFKB1; PSMA1; PSMA3; PSMA4; NFKBIA; MAPK3; PSMB8; PSMA5; PSMB5; PSMC2; MAP3K8; PSMC4; PSMD8; IRAK1; PSMD4; UBE2N; PSME3; PSMC1; PSMC5; PSMC6; RBX1; SKP1; RELA; PSME1; PSMD2; UBE2V1; SQSTM1; CUL1; PSMD6; TAB1; PSMD5; PELI3; TAB3; PSMF1; PELI1; MAP3K3; MYD88; TOLLIP; PELI2; IL1RL2; IL1RAP; PSMD13; TRAF6; IRAK3; IKBKG;	GO:0070498~interleukin-1-mediated signaling pathway	61	95	64.2105263157895	0.0363781277222415	0.819279017384249	1	1	0.999794299610253	0.999794299610253	1
down	COL2A1; ARSB; PAM; COX7B; PAX6; ACVR1B; ALDH5A1; PDX1; RCAN1; PTS; NPTX1; ASIC2; UGT8; DSCAML1; NDN; B3GNT5; ARNT2; ROBO2; CELSR1; NCKAP1; JRKL; HAPLN1; HAPLN4; SPINK6;	GO:0007417~central nervous system development	24	133	18.0451127819549	0.0365599653804251	0.72650805508618	1	1	0.999955229915182	0.999955229915182	1
up	WASL; SDCBP; ARPC2; ARPC3; EPHB6; ARPC5; NCK2; EFNA2; KALRN; ROCK2; PAK3; HRAS; FYN; SRC; CHN1; RASA1; EPHB2; SDC2; CRK; PSEN1; VAV2; EFNA4; EFNB2; EFNA5; AP2S1; EPHB3; EPHA5; EPHB4; EPHB1; ARPC4; ACTB; CDC42; ACTR3; ACTR2; RHOA; RAC1; AP2B1; ACTG1; EFNB1; DNM1; PTK2; GRIN1; PTPN11; TIAM1; PAK1; ROCK1; ARHGEF7; CDK5R1; SS18; ITSN1; NTRK3; ARHGEF28; ANKS1A; ARPC1A; AP2M1; PSENEN;	GO:0048013~ephrin receptor signaling pathway	56	86	65.1162790697674	0.0369229049294405	0.819279017384249	1	1	0.999794299610253	0.999794299610253	1
up	ARHGEF11; HSP90AA1; HSP90AB1; CFL1; WEE1; CRK; CRKL; GSK3B; NEK3; EPHB1; PKD1; PTK2; PRKCZ; PAK1; SHH; STK11; KIF26B; MPP7; MARK2; RAB11FIP2; SDCCAG8; ALPK2; FAM89B; FEZ1; JAM3; PARD3B; RICTOR;	GO:0030010~establishment of cell polarity	27	35	77.1428571428572	0.0373300261008092	0.819279017384249	1	1	0.999794299610253	0.999794299610253	1
down	SMAD7; HPN; EFNA1; BMP5; DAB2IP; DACT3; FOXA2;	GO:0010719~negative regulation of epithelial to mesenchymal transition	7	24	29.1666666666667	0.0373568373663158	0.72650805508618	1	1	0.999955229915182	0.999955229915182	1
down	LDLR; EDN1; XRCC5; NME2; IRS1; PID1; OR51E2;	GO:0071398~cellular response to fatty acid	7	24	29.1666666666667	0.0373568373663158	0.72650805508618	1	1	0.999955229915182	0.999955229915182	1
down	MUSK; KLF4; SPRY2; AGR2; KRAS; LDLR; LMNA; FN1; APP; HPN; KIT; VDR; BMP4; BMP7; EGR1; RPS3; PAX6; CALCR; TGFBR1; CASR; WNT5A; PTGFR; YAP1; RAB27A; MYOM1; HMGA2; MAZ; RPS7; ACTA2; ACTC1; CDK6; SRY; CNTN1; ANK3; ANGPT1; SMAD1; FAM98B; TCF23; PID1; CAMK2N1; TICAM1; FAM98A; VSTM2A; OSR1; DNAJA4; ARX; GPER1; TRIM6; EPB41L4B; TREM2; EIF2AK3; WHRN; PPARGC1A; EDAR; TLR6; IL37; MED23;	GO:0010628~positive regulation of gene expression	57	374	15.2406417112299	0.03746135384162	0.72650805508618	1	1	0.999955229915182	0.999955229915182	1
down	MYL12B; SORBS3; UTS2; MYL1; TPM2; TPM1; GJA1; MYL12A; RYR1; HRC; MYL9; MYH11; ACTA2; SNTA1; SSPN; MYLK; SORBS1; MYOF; HCN4; MYOM1;	GO:0006936~muscle contraction	20	106	18.8679245283019	0.0376205256613334	0.72650805508618	1	1	0.999955229915182	0.999955229915182	1
up	SOCS1; SMAD6; DYSF; PIAS1; GPX1; EGR2; IL11; NR4A1; PSMB8; AKT2; SREBF1; CEBPA; CEBPD; SOX8; PRLH; RNASEL; EP300; FOXO1; TRIM32; ARID5B; MED1; BBS9; METRNL; STEAP4; NIPBL; GDF6; ANGPTL8; BBS7; ADGRF5; GLIS1; LRRC8C; NOC3L; CLIP3; BSCL2; BBS4; SDF4; BBS2; WNT5B; SENP2; RETN; MKKS; TCF7L2; ERAP1; FBXO9; ATF5; MAFB; FAM120B;	GO:0045444~fat cell differentiation	47	70	67.1428571428571	0.0381915837305925	0.819279017384249	1	1	0.999794299610253	0.999794299610253	1
down	TCAP; ACTC1; PROX1; MYOM1;	GO:0030240~skeletal muscle thin filament assembly	4	9	44.4444444444444	0.0391546424912741	0.72650805508618	1	1	0.999955229915182	0.999955229915182	1
down	CFC1; ACVR1B; ACVR1C; TDGF1;	GO:0038092~nodal signaling pathway	4	9	44.4444444444444	0.0391546424912741	0.72650805508618	1	1	0.999955229915182	0.999955229915182	1
down	TSG101; CHMP4B; VTA1; CHMP5;	GO:0046755~viral budding	4	9	44.4444444444444	0.0391546424912741	0.72650805508618	1	1	0.999955229915182	0.999955229915182	1
up	PSMB11; PSMD11; PSMD12; PSMD9; PSMD14; UBE2C; PSMA7; AURKA; PSMD3; BUB1B; PTTG1; CDK1; UBB; UBC; CCNB1; CDK2; PSMA1; PSMA3; PSMA4; PSMB8; PSMA5; PSMB5; CDC27; PSMC2; PSMC4; PSMD8; PLK1; PSMD4; ANAPC15; PSME3; PSMC1; PSMC5; PSMC6; PSME1; CDC20; CDC16; PSMD2; MAD2L1; CUL3; PSMD6; PSMD5; UBE2S; FBXO31; PSMF1; ANAPC16; ANAPC1; ANAPC11; ANAPC5; ANAPC4; ANAPC2; FBXO5; ANAPC10; PSMD13;	GO:0031145~anaphase-promoting complex-dependent catabolic process	53	81	65.4320987654321	0.0392296020065515	0.819279017384249	1	1	0.999794299610253	0.999794299610253	1
down	TMPRSS11D; MAN1A2; EDN1; COX5B; ELN; PBX3; HNMT; SFTPA1;	GO:0007585~respiratory gaseous exchange by respiratory system	8	30	26.6666666666667	0.0395297109557795	0.72650805508618	1	1	0.999955229915182	0.999955229915182	1
down	UNC13B; GIPC1; PPFIA2; GJA1; SLC1A3; SNAP25; STXBP1; VAMP2;	GO:0014047~glutamate secretion	8	30	26.6666666666667	0.0395297109557795	0.72650805508618	1	1	0.999955229915182	0.999955229915182	1
down	KLF4; ANG; HMOX1; IGFBP3; IL12B; PPARG; TRIB1; PPARGC1A;	GO:0048662~negative regulation of smooth muscle cell proliferation	8	30	26.6666666666667	0.0395297109557795	0.72650805508618	1	1	0.999955229915182	0.999955229915182	1
down	DHRS3; RIPPLY2; SP5; HAS2; PAPPA2; LTBP3; RARG; LRP6;	GO:0060349~bone morphogenesis	8	30	26.6666666666667	0.0395297109557795	0.72650805508618	1	1	0.999955229915182	0.999955229915182	1
down	PER2; GYG2; GYS2; UGP2; NHLRC1; PPP1R3C;	GO:0005978~glycogen biosynthetic process	6	19	31.5789473684211	0.0399836591938414	0.72650805508618	1	1	0.999955229915182	0.999955229915182	1
down	DDAH1; DDAH2; NPY2R; PDX1; MAFA; NDNF;	GO:0007263~nitric oxide mediated signal transduction	6	19	31.5789473684211	0.0399836591938414	0.72650805508618	1	1	0.999955229915182	0.999955229915182	1
down	CHMP1B; CHMP4C; CHMP4B; CHMP5; CHORDC1; CHMP3;	GO:0010824~regulation of centrosome duplication	6	19	31.5789473684211	0.0399836591938414	0.72650805508618	1	1	0.999955229915182	0.999955229915182	1
down	EPHA2; WNT5A; RIPPLY2; SP5; TP63; FZD3;	GO:0036342~post-anal tail morphogenesis	6	19	31.5789473684211	0.0399836591938414	0.72650805508618	1	1	0.999955229915182	0.999955229915182	1
down	SLC9A3R1; CSNK2B; NHLRC1; TSPYL2; ECT2; PLCE1;	GO:0045859~regulation of protein kinase activity	6	19	31.5789473684211	0.0399836591938414	0.72650805508618	1	1	0.999955229915182	0.999955229915182	1
down	UNC13B; GABRB3; GABRB2; LRIG1; SLITRK6; UNC13A;	GO:0060384~innervation	6	19	31.5789473684211	0.0399836591938414	0.72650805508618	1	1	0.999955229915182	0.999955229915182	1
down	THBS1; ITGA4; HLA-G; PRKCI; PDCD4; GPER1;	GO:2000353~positive regulation of endothelial cell apoptotic process	6	19	31.5789473684211	0.0399836591938414	0.72650805508618	1	1	0.999955229915182	0.999955229915182	1
down	FLRT2; APOA1; PDGFA; SEMA3B; SEMA3C; SEMA4G; SEMA3F; SEMA6C; LRTM2;	GO:0050919~negative chemotaxis	9	36	25	0.0404168635119125	0.72650805508618	1	1	0.999955229915182	0.999955229915182	1
up	GFRA2; PTPRT; CD3EAP; MTSS1; MPZL1; ANGPTL1; CD4; CD8A; ERBB2; CSF1R; CSF1; INSRR; NTF3; ERBB3; PTPRG; BDKRB2; PIK3CB; TEK; TRADD; NTRK3; TRAT1; AHI1; IL31RA; RASGRP4; CNKSR1; SH2B1; DOK5; PILRB; GAB2; SH2B3; FYN; AXL; MET; BLNK; FRK; BCAR1; PDGFRB; NTF4; EPHB2; SLA; FLT4; EGFR; EPHB4; RET; PTK6; SHC2; FES; HCK; FGFR3; INSR; EPHB6; SRMS; FER; MERTK; LTK; EPHB1; CLNK; FLT1; EPHB3; TNK1; TYRO3; BLK; ROR2; EPHA5; FGFR1; FGFR2; SHC1; FLT3; SRC; FGFR4; IGF1R; ALK; LMTK2; SHC3;	GO:0007169~transmembrane receptor protein tyrosine kinase signaling pathway	74	120	61.6666666666667	0.0409672172221821	0.819279017384249	1	1	0.999794299610253	0.999794299610253	1
down	EXOC5; WNT5A; TP63; FZD3; CELSR1;	GO:0001736~establishment of planar polarity	5	14	35.7142857142857	0.0412414359392203	0.72650805508618	1	1	0.999955229915182	0.999955229915182	1
down	CXCL10; PTN; KCNC1; KIAA0319; USP53;	GO:0010996~response to auditory stimulus	5	14	35.7142857142857	0.0412414359392203	0.72650805508618	1	1	0.999955229915182	0.999955229915182	1
down	RGS2; NPY2R; UBE2B; PDE4D; PDE3A;	GO:0043951~negative regulation of cAMP-mediated signaling	5	14	35.7142857142857	0.0412414359392203	0.72650805508618	1	1	0.999955229915182	0.999955229915182	1
down	BMP7; PTN; BMP5; VLDLR; DAB2IP;	GO:1900006~positive regulation of dendrite development	5	14	35.7142857142857	0.0412414359392203	0.72650805508618	1	1	0.999955229915182	0.999955229915182	1
up	SRRM4; SAP18; MPHOSPH10; LSM1; DHX15; PRPF4; RBFOX2; PRPF3; DHX16; SYNCRIP; SF3B1; PRPF6; LUC7L3; ECD; HNRNPC; SNRPA1; SNRPB; SON; SFPQ; PPP2R1A; HNRNPH3; FUS; AFF2; RBM11; SNRPG; SNRPD3; SNRPN; PPP2CA; SRPK2; RBM10; SRSF2; SRSF11; C1QBP; SRSF4; NCBP1; PPP1R8; PPIG; THOC5; DDX39B; RBM39; DHX8; RRP1B; ZNF638; WTAP; NONO; SF3B4; SNRNP35; SRSF7; USP39; HABP4; ZC3H13; PRPF38B; THOC7; SNRNP48; JMJD6; PRPF8; SUPT6H; CIR1; SUGP2; CLASRP; SREK1IP1; RBM15B; THOC2; ZCRB1; FAM172A; SREK1; TAF15; KHSRP; LSM10; SNRNP40; RBMXL1; THOC1; RSRC1; RNPC3; ZNF830; IWS1; PRPF18; DDX23; SNRNP25; NSRP1; SCAF1; RRAGC; MBNL1; RBFOX1; PPP4R2; THRAP3; SMU1; SLU7; RNPS1; MAGOHB; SART3; WBP4; MAGOH;	GO:0008380~RNA splicing	93	156	59.6153846153846	0.0421902445744111	0.819279017384249	1	1	0.999794299610253	0.999794299610253	1
down	DMPK; RBM38; HDAC5;	GO:0010830~regulation of myotube differentiation	3	5	60	0.0425140986467178	0.72650805508618	1	1	0.999955229915182	0.999955229915182	1
down	EDN1; EDN3; CPE;	GO:0030072~peptide hormone secretion	3	5	60	0.0425140986467178	0.72650805508618	1	1	0.999955229915182	0.999955229915182	1
down	BLCAP; ACVR1C; DEDD2;	GO:0030262~apoptotic nuclear changes	3	5	60	0.0425140986467178	0.72650805508618	1	1	0.999955229915182	0.999955229915182	1
down	UNC5C; NTN1; UNC5A;	GO:0033564~anterior/posterior axon guidance	3	5	60	0.0425140986467178	0.72650805508618	1	1	0.999955229915182	0.999955229915182	1
down	NEURL1; KIT; NPTN;	GO:0048170~positive regulation of long-term neuronal synaptic plasticity	3	5	60	0.0425140986467178	0.72650805508618	1	1	0.999955229915182	0.999955229915182	1
down	LMNA; PTN; WNT5A;	GO:0072201~negative regulation of mesenchymal cell proliferation	3	5	60	0.0425140986467178	0.72650805508618	1	1	0.999955229915182	0.999955229915182	1
down	STXBP1; UNC13A; UNC13B;	GO:0099525~presynaptic dense core vesicle exocytosis	3	5	60	0.0425140986467178	0.72650805508618	1	1	0.999955229915182	0.999955229915182	1
down	RAB3D; RAB27A; RAB15;	GO:1903307~positive regulation of regulated secretory pathway	3	5	60	0.0425140986467178	0.72650805508618	1	1	0.999955229915182	0.999955229915182	1
down	RRAS; CEACAM6; RIN2;	GO:1904906~positive regulation of endothelial cell-matrix adhesion via fibronectin	3	5	60	0.0425140986467178	0.72650805508618	1	1	0.999955229915182	0.999955229915182	1
down	RYK; WNT5A; FZD3;	GO:1904938~planar cell polarity pathway involved in axon guidance	3	5	60	0.0425140986467178	0.72650805508618	1	1	0.999955229915182	0.999955229915182	1
down	OPA1; AMIGO1; BAIAP2;	GO:1905232~cellular response to L-glutamate	3	5	60	0.0425140986467178	0.72650805508618	1	1	0.999955229915182	0.999955229915182	1
up	MAP2K7; DKC1; TNKS; TCP1; MAPK3; MAPK1; CTNNB1; CCT6A; CCT5; CCT3; CCT8; CCT4; CCT2; PRKCQ; ATM; ATR; HMBOX1; MAPKAPK5; NEK7; ACD; NAF1; PNKP; CCT7; PKIB; POT1; FBXO4;	GO:0032212~positive regulation of telomere maintenance via telomerase	26	34	76.4705882352941	0.0431213430152131	0.819279017384249	1	1	0.999794299610253	0.999794299610253	1
up	PARP1; UBB; UBC; RPA2; ERCC3; XPA; GTF2H1; RPA3; CETN2; CDK7; CCNH; MNAT1; RAD23B; RBX1; XPC; CUL4A; CUL4B; GTF2H2; GTF2H3; GTF2H5; CHD1L; DDB2; GTF2H4;	GO:0006294~nucleotide-excision repair, preincision complex assembly	23	29	79.3103448275862	0.0433861059855261	0.819279017384249	1	1	0.999794299610253	0.999794299610253	1
down	RYK; WNT5A; SEMA3B; SEMA4G; SEMA3F; SEMA3C; SEMA6C;	GO:0048843~negative regulation of axon extension involved in axon guidance	7	25	28	0.0436575432624647	0.72650805508618	1	1	0.999955229915182	0.999955229915182	1
down	CLIC1; KCNK5; CYBB; KCNA2; CLCN2; CLCNKA; CLCNKB; KCNMA1; SCN9A; ASIC2; KCNB2; NEDD4L; KCNF1; KCNK15; KCNK13; CACNA2D2; HCN4; NOX1; CLIC4; KCNJ6; KCNJ5;	GO:0034765~regulation of ion transmembrane transport	21	115	18.2608695652174	0.0437847446456299	0.72650805508618	1	1	0.999955229915182	0.999955229915182	1
down	TNFRSF11B; KCNK3; ABCC4; ABCA1; PNP; APOA1; MT-ND1; THBS1; ABCB1; XRCC5; PAM; CCND1; AK4; HTR2A; ABCD3; DRD3; SRP14; ARRB1; MAP2K6; S100A10; UBE2B; SORD; GAD2; PTCH1; PDE3A; SEMA3C; ABCA2; FZD3; NPC1L1; VAV3; FZD1; JUND;	GO:0042493~response to drug	32	193	16.580310880829	0.0442796601652167	0.72650805508618	1	1	0.999955229915182	0.999955229915182	1
up	TMEM150B; BECN2; TM9SF1; ULK1; ABL1; GBA; TP53; HMGB1; DRD2; ITGB4; TFEB; ANXA7; PIK3CB; VPS41; RGS19; DAP; ARFIP2; HAP1; TMBIM6; RAB1A; CLTC; IRF8; FOXO1; SQSTM1; BECN1; STK11; CLEC16A; TBC1D25; LRRK2; FNBP1L; RAB12; ULK3; TECPR1; ATG4D; SBF2; SIRT2; ULK2; PIK3C3; RB1CC1; SMCR8; ATG4A; TBC1D5; VTI1A; GRAMD1A; RAB39B; NRBF2; VPS39; C9orf72; GPR137; VPS13A; PARK7; ZKSCAN3; PHF23; TRIM5; MAP1LC3B; TOLLIP; ATG5; VPS11; RNF41; TBC1D17; ATP13A2; TIGAR; UBQLN4; TBC1D14; HDAC6; VPS51; CHMP2B; SH3GLB1; WDR45; PLEKHM1; ATG4B; AMBRA1; LIX1L; EPG5; VMP1;	GO:0006914~autophagy	75	123	60.9756097560976	0.0464019729846784	0.819279017384249	1	1	0.999794299610253	0.999794299610253	1
down	NDUFA4; ATP2C2; SLC2A10; SLC25A27; MT-CO2; MT-CO3; COX6A1; COX4I1; COX7B; ATP6V1E1; CLCN3; NNT; SLC15A2; ATP6V0D2; SLC2A12; SLC9A6; SLC17A5; SLC9A2; ATP6V1D; SLC36A1; ATP12A;	GO:1902600~proton transmembrane transport	21	116	18.1034482758621	0.0468155328368305	0.72650805508618	1	1	0.999955229915182	0.999955229915182	1
down	WNT9A; SNAI2; BMP4; RARG; TGFBR1; LTBP3;	GO:0032331~negative regulation of chondrocyte differentiation	6	20	30	0.0475448815460972	0.72650805508618	1	1	0.999955229915182	0.999955229915182	1
down	YES1; PTN; ATP7A; HAS2; PDGFD; ERRFI1;	GO:0036120~cellular response to platelet-derived growth factor stimulus	6	20	30	0.0475448815460972	0.72650805508618	1	1	0.999955229915182	0.999955229915182	1
up	PSMB11; PSMD11; PSMD12; PSMD9; PSMD14; PSMA7; IKBKB; CHUK; PDPK1; PSMD3; RPS6KA5; PAK3; BCL10; HRAS; RAF1; FYN; SRC; ICAM2; PRKACA; NFKB1; PRKACG; PSMA1; PSMA3; PSMA4; PSMB8; PSMA5; PSMB5; FCER1G; ICAM3; PSMC2; PSMC4; PSMD8; PSMD4; PSME3; PSMC1; PSMC5; PSMC6; SKP1; RELB; MUC3A; MUC2; RELA; PRKCD; PSME1; EP300; PAK1; PSMD2; CUL1; PSMD6; TAB1; PSMD5; MUC21; MUC6; MUC19; CLEC10A; TAB3; MUC7; CLEC4C; MUC16; CLEC4D; PSMF1; CREBBP; MUCL1; MUC13; MUC5B; CD209; PSMD13; TRAF6; IKBKG;	GO:0002223~stimulatory C-type lectin receptor signaling pathway	69	112	61.6071428571429	0.047544975371916	0.819279017384249	1	1	0.999794299610253	0.999794299610253	1
up	ARHGEF10; RASGRP1; BCR; NTF3; AKT2; CCR7; RANGAP1; CRK; CRKL; EIF5; RHOG; TIAM1; SCRIB; PTK2B; NTRK3; RALGAPA2; RALGAPA1; SYDE1; RALGAPB; CCDC125; GPR65; TSC1; DOCK7; PIP5K1A; NDEL1; BCAS3; TBC1D7; RCC2; TBC1D3K; TBC1D15; EVI5; TBC1D3B; TBC1D5; TBC1D10A; TBC1D22B; TBC1D9; TBC1D17; TBC1D2B; USP6NL; GRTP1; TBC1D14; TBC1D1; RUNDC1; TBC1D21; TBC1D3E; ADPRH; SGSM3; TBC1D3G; TBC1D9B; TBC1D3I; TBC1D22A; SGSM2; TBC1D26; TBC1D10C; TBC1D12; TBC1D25; TBC1D4; TBC1D3L; TBC1D28; TBC1D3; TBCK; TBC1D3F;	GO:0090630~activation of GTPase activity	62	99	62.6262626262626	0.0476000361960255	0.819279017384249	1	1	0.999794299610253	0.999794299610253	1
up	TNFRSF10A; DDX3X; TNFRSF10B; FGA; FGB; FGG; RAF1; SERPINE1; GPX1; HGF; TNFAIP3; HMGB2; NOS3; FASLG; GSK3B; TNFSF10; FADD; RIPK1; CASP8; PEA15; TRADD; ITPRIP; RFFL; RNF34; TMBIM1; FAIM2; SCRT2; FAIM;	GO:1902042~negative regulation of extrinsic apoptotic signaling pathway via death domain receptors	28	38	73.6842105263158	0.0485632057201327	0.819279017384249	1	1	0.999794299610253	0.999794299610253	1
up	GH1; GHRH; IGF2; VIL1; CSF1; BCL2; DRD2; EZR; CREB1; POU3F2; PPIB; POU1F1; HSF1; SLC6A3; GHRHR; PLS1; NIPBL; GHSR; BBS4; SMO; BBS2; SPTBN4; GPAM; MKKS; ATP8A2;	GO:0040018~positive regulation of multicellular organism growth	25	33	75.7575757575758	0.0498032788945348	0.819279017384249	1	1	0.999794299610253	0.999794299610253	1
